id,text,second_label
52,"Just finished ""We Used To Live Here"" by Marcus Kliewer - I've never been this angry finishing a book -",visceral_reaction
149,"Jeffrey Dahmer is NOT a horror icon - The new movie is getting tons of buzz, I understand being interested in true crime events/history. However, going to horror conventions recently and in social media people wearing Dahmer shirts and other merch, wtf  The dude is a piece of shit and shouldn't be adored, idolized, or honored in the same way we celebrate actors, writers, directors etc, actual contributors to horror movies.",hot_take
22,This s+#t! What a fresh take on horror. Started my horror season with this and what a awesome start -,visceral_reaction
5,"Watching this classic today, of course it's cheesy and the OG is better, but I love Chris Kattan in this movie. -",visceral_reaction
78,"Female-based horror with no sexual violence? - Does anyone have good horror stories that follow a female lead that doesn’t have sexual violence/abuse? Including when it almost happens but doesn’t. The general mention of the topic is fine. It’s when there is a detailed description that I struggle with.  I try to look up trigger warnings, but the reviews/descriptions from different readers can conflict. I don't want to risk buying the book only to DNF it.  I can handle general violence and other heavy themes. I'm also open to any LGBTQIA+ books. I am an adult above 20 years old in case people worry about the age of who they're recommending books.  Any recommendations would be appreciated! :)  EDIT: Thank you to everyone for so many awesome titles!! I'm excited for the future reading experiences!  I’d also like to thank users who have given me proper warnings. Of course, I will do my due diligence and look into different titles, but being given a heads up is always appreciated.  DISCLAIMER: I’m deciding to steer clear of the author Grady Hendrix and the book House of Hollow due to the amount of content warnings.",visceral_reaction
53,"R. L. Stine's (the author of Goosebumps) horror novel for adults ""Red Rain"" is one of the worst and most baffling books I have ever read -",hot_take
105,"I got SHUDDER on a trial and I thought it had way more horror movies than what I saw while scrolling, I won't be keeping it after the trial sadly, I really did think it had like all the horror movies or something similar, i think, no it's obvious that I expected to much LoL -",visceral_reaction
57,"I've read over 60 vampire novels, here are my top 10 with small reviews - I recently made a similar post containing my top 10 apocalyptic reads which was really well received so I am happy to continue with several of my other favourite genres of all time. Today being vampires!  Apocalyptic / Post-apocalyptic  Technological / Scientific  Aliens  Supernatural  Indies  1) Necroscope series by Brian Lumley  Brian Lumley is my favourite author of all time and his Necroscope series is the top of his illustrious bibliography. I recently made a post detailing the full chronology, as there's quite a lot in there. The first book begins in the Cold War era with occult telepathic espionage between England and Russia. Into this world comes the MC, a boy with unique medium-like abilities. He can talk to, and absorb knowledge from, the dead. On the other side there's a necromancer who was taught by a buried vampire. After this first book, the world expands drastically and the series takes a turn into horror fantasy. I can't recommend it highly enough. These are the best vampires in all of fiction.  2) I Am Legend by Richard Matheson  This one also featured highly in my apocalyptic thread. Contrary to popular misunderstanding courtesy of the most recent film, it's actually a vampire story and not a zombie story. While Necroscope wins as far as delivering evil and sadistic vampires - I Am Legend wins with the sheer uniqueness of the plot that it provides. So unique that I genuinely can't describe it further because I don't want to spoil anything.  3) Exhumed by SJ Patrick  I read this and its sequel Siren last year and both have become instant favourites, and for good reason. They're the nearest that any vampire story has come to Necroscope in terms of the powers and strength of the vampires themselves. It starts off with some cool intrigue. You've got an archaeological team digging around in Romania who find a tomb from medieval times, only to discover that the occupant is still alive. It gets transported to the European CDC to be studied which is another thing I loved, seeing actual medicine/physiology applied to a vampire rather than ambiguous fantasy/magic. Predictably, it escapes, chaos ensues, and the story is a lot of fun.  4) Salem's Lot by Stephen King  As with most of King's famous work, I don't think I need to go into much detail about the plot of the story. In short, it's a small town horror story where a mysterious new person moves in to the spooky house and things start to go wrong in vampiric-shaped ways. Starts off slow and escalates to a big conclusions. Absolutely one of the seminal works and if you've somehow slept on it all this time it's definitely worth the read.  5) The Keep by F Paul Wilson  FPW has become second only to Lumley in terms of my favourite authors. I've read about 50 of his books in the past couple of years and The Keep was the one that set the ball rolling. It's set during WW2 with the dastardly Germans rolling through Romania and stirring up trouble. Part of this trouble is the invasion of an ancient castle which was the prison for an ancient vampire. With warding removed, the vampire gets loose and shit hits the fan. Pretty stock standard to this point, but the thing that sets it apart and makes it unique is that there's another character who imprisoned the vampire all those years ago. He's still mysteriously alive and he feels the vampire's escape, making his way there for a final showdown. The Keep also marks the beginning of Wilson's giant connected universe which I also very much recommend.  6) Hellsing manga by Kohta Hirano  I couldn't not include this one, even though it's manga rather than a novel. The story is incredible and it's a hell of a lot of fun. You've got a modern revival of nazis (hmm) who are using weaponised vampirism. Then you've got an organisation designed for the strict purpose of fighting vampirism, helmed by one of the coolest vampires in fiction. His name is Alucard. Gold star if his name tips you off for who he really is. Then as a third party, you've got the Vatican as additional villains. The anime (Hellsing Ultimate, not Hellsing) is pretty faithful if you just want to chill and watch it instead.  7) Adrift by KR Griffiths  This is the start of a trilogy, but sadly the rest of the trilogy didn't live up to this one's lofty standards. It's about a cruise ship being set upon by monstrous insectile vampires. There's not really much more to say tbh, just imagine the carnage that very powerful and monstrous vampires can wreak on people trapped with nowhere to flee.  8) Midnight Mass by F Paul Wilson  Not to be confused as source material for the show which steals: 1) the name, 2) heavy religious (specifically Christian) theme, 3) vampires, 4) priest MC, 5) important non-Christian cleric side character. Anywho, this one instead follows a complete overthrow of society by aforementioned vampires and the guerrilla tactics required by the few remaining humans in order to try and fight back.  9) The Strain trilogy by Guillermo Del Toro  Like Exhumed above, this one is also heavily influenced by Necroscope. It even uses the same means of vampirism (parasitic leeches) for which it often gets mis-credited as original. The plot features an ancient vampire who seeks to set about a vampiric apocalypse. There's a shadow society of other ancient vampires who try to fight back, alongside the unwitting main characters who are dragged along for the ride. If you've seen the show, just know it sucks terribly and the books are much better.  10) Empire of the Vampire trilogy by Jay Kristoff  Only two of the three books are published to date, the third hopefully coming out this year. People often ask for horror/fantasy and this trilogy is exactly what they're after. It's high fantasy, set in a world overrun by vampires. The main character is half-vampire and part of a society that fight back against vampires. It's a bit tropey and very reminiscent of The Witcher, but it's still quite fun (and far better than The Witcher, on that note).  Honourable mentions are: They Thirst by Robert McCammon, Dark Corner by Brandon Massey, The Lesser Dead by Christopher Buehlman.  Notable exclusions are: Dracula by Bram Stoker (I read an abridged version when I was younger and loved it, but I've never read the full unabridged version and I'm certain that if I did, I would hate it. I struggle to enjoy gothic prose and I've hated Stoker's other works). Also The Passage by Justin Cronin (I did enjoy it overall, but by oh man was it overwritten! The 2700 page trilogy could have been cut into a single 1000 page epic and I believe it would be much better for it).  Hopefully this post is helpful for people. How does it compare to your own top 10? Any that make it into yours that I don't list here? Throw me all your deep cut recommendations (because if it's well known I've probably already read it!)",critical_analysis
137,hot take (possibly?) Scream 4 was okay. I’ve seen it so many times and i’ll continue to watch it but it might be dead last out of all scream movies. -,hot_take
81,"What's something you've read that just FELT cursed? - Specifically, I am talking about a reading experience you've had that felt so deranged that you felt as though you were being exposed to something dangerous or haunted in some sense. Not necessarily ""disturbing"" (although that can be a reason why) but rather something that made you feel almost displaced from reality or as though reality and fiction were blurring.  Basically, works that made you feel as though you were having a spell cast onto you. Or like you just watched the tape from The Ring, LOL.  No HoL mentions please! I own that book and am well aware of its reputation.  Edit: I honestly wasn't expecting this much attention. I really appreciate all of your recommendations, thank you! I don't use Reddit much anymore so it is nice to see.",visceral_reaction
51,"I love Darcy Coates, but she does not write Americans well - Multiple novels written by Darcy Coates take place in the United States, such as Dead of Winter. Despite depicting Americans, non- American phrases such as “bloody hell” are not uncommon, and the vocabulary is off. She has characters referring to cell phones as “mobiles.” Of course, it doesn’t get in the way of understanding the storyline but it does remove me from the story. I know she’s not American and I’m not trying to be picky but it happens a lot.  Has anyone else noticed this?  EDIT: Unrelated but as of right now, 15% of redditors who viewed this post are from outside of the United States, and 15% of redditors here downvoted this post.",critical_analysis
4,"The Autopsy of Jane Doe is a Sneakily Good Movie - Just felt the need to put this message out there. I watched this movie on a whim one night and was pretty blown away with how good I thought it was. I rarely ever feel much anxiety or tension from horror movies anymore, but this movie produced an intensity in me that I honestly haven't felt from a horror movie in quite a while. All of this to say, Please watch this movie if you haven't already.",visceral_reaction
60,"The worst part of being a horror book fan is Stephen King - Hear me out: I love King, I own every books of his. But when you go to a bookstore the horror section is like 80% his stuff and everyone else is crammed into the other 20%. It sucks, I wanna find new stuff not just King!",hot_take
58,"I've read over 60 Scientific Thriller / Techno Horror novels, here are my top 10 with small reviews - This is the third in my short series of top 10 posts. They've been very well received so I'm happy to continue, the discussions and recommendations they've generated have been excellent.  Apocalyptic / Post-apocalyptic  Vampires  Aliens  Supernatural  Indies  Just a quick note on how I'm defining this subgenre: it's not hard sci-fi (though they could be included), but instead horror/thrillers where science and/or technology is central to the plot.  1 Jurassic Park by Michael Crichton  Top of the list is one I don't think I really have to explain as I don't think there's anyone here who doesn't know what it's about. Often I see this one pop up in threads asking which movies were better than the books, but I very much disagree with that assessment. The movie is excellent, but so too is the book, and I would argue that the book is considerably better. This is to say: if you've seen the movie and held off reading the book, I very much recommend you pick it up because it is incredible.  2 Project Hail Mary by Andy Weir  Calling this ""horror"" is a stretch, I'm aware, but I just couldn't bring myself to make a list of scientific thrillers without including it. It's also got some elements, which I won't mention because spoilers, which do lean it closer towards the genre than his other book The Martian (which is also phenomenal). As far as plot goes, the sun is beginning to dim which will cause the extinction of life on earth if it is not resolved. Scientists notice the same thing happening to other stars and send a mission to try and figure out what is going on. That's the setup. From there I won't say anything further because of spoilers, but it's a phenomenal book.  3 The Andromeda Strain by Michael Crichton  Michael Crichton was a medical doctor and cut his teeth writing medical thrillers, before branching into high concept sci-fi. I believe The Andromeda Strain was his first foray into this genre and he really hit the ground running. At its core it's a contagion story about satellites returning to earth with a disease that kills people, animals, and plants alike. Basically, extinction of life on Earth if it can't be resolved. Therein lies the plot.  4 Blasphemy by Douglas Preston  Scientists at a supercollider are met with mind-blowing results from their latest experiments. It looks like the universe is somehow communicating with them. Is it God? Basically, that's all I can say about this one. Any more and it would get into spoilers, but I think that's a pretty awesome hook and I really loved the book.  5 Psychomech by Brian Lumley  Brian Lumley is my favourite author of all time. I'd say Psychomech and the trilogy it spawned is his best work outside of Necroscope for which is he most well known. The plot is about an injured soldier being lured to the mansion of a billionaire under the pretence that he can be cured by state of the art technology. Instead, the billionaire wants to steal the man's body and transfer his consciousness into it to escape his own death. So ensues a battle between the pair with pretty explosive consequences.  6 Ancestor by Scott Sigler  I've become a big fan of Sigler in recent years and Ancestor was the one that started it all. This is an excellent monster story about genetic engineering that is ostensibly searching for the ancestral ""missing link"", but ends up creating violent super-creatures. They predictably escape from the facility and the rampage begins. Very fun story all round.  7 Colony by Benjamin Cross  Archaeological thriller about a team going into the field in the arctic and finding more than they bargained for. This is another one I can't say too much more about because of spoilers, but I don't think it's too much to say that it morphs into a very good creature feature. The scientific aspect is particularly realistic as it's written by an actual archaeologist.  8 Extinction by Mark Alpert  I've got to preface this review by saying I read it back when it released in 2013, so I'm not entirely sure how well it has held up. It's your run of the mill evil AI story, and in the world we're currently living with AI all around us, I'm not sure how dated it will feel. That said, I very much enjoyed it at the time. Basically if dealing with Skynet was a novel, it'd be this.  9 Into the Drowning Deep by Mira Grant  This one is quite popular in the sub and for good reason, it's a very good creature feature about a scientific expedition searching for mermaids. Shouldn't come as a surprise/spoiler that, hey, they find what they're looking for and they're not your friendly Disney variety. The scientific thriller part makes up the first half of the book and it's very fun to explore, then it ends as a creature feature and does a good job of it.  10 Dark Matter by Blake Crouch  Another one that's quite popular in these parts. This one is a multiverse style story. The main character is attacked by himself from another universe and thrown into an alternate reality so that his attacker could steal his life. From there he's got to navigate through infinity to try and find his way back to his family. I think it did a good job of showcasing this concept and Crouch's writing goes by very quickly.  Honourable mentions for this one include Sphere and Prey by Michael Crichton. To be honest I'd rate them higher than several of the things above, but I didn't want the list to be completely overrun by Crichton and chose to limit it to two. I've also excluded I Am Legend by Richard Matheson because it's already featured in both my other lists.  Hopefully this post is helpful for people. How does it compare to your own top 10? Any that make it into yours that I don't list here? Throw me all your deep cut recommendations (because if it's well known I've probably already read it!)",critical_analysis
2,"Just watched Event Horizon for the first time - Where has this movie been my whole life???  So fun and gory. Great cast. I love 90’s movies there’s just a vibe to them that hasn’t been replicated since. Had a definite “Hellraiser in space” energy which I loved.  My brother was telling me that there was an original directors cut that was supposedly “too gory” for test audiences and that Anderson had to cut some stuff out. I wish we could see that version. This movie came out in 1997 and if it had been released just a few years later it might have been able to get away with more gore.  Anyway, loved this movie.",visceral_reaction
23,"Truly shocked by how good this movie was compared to how poor the general reception was. I found it to be somewhat simplistic plot wise, but very intriguing from a horror standpoint. It was saturated with symbolism, metaphors, and some of the cleanest - most original cinematography I've ever seen. -",critical_analysis
102,"Scream 7 (2026) [Slasher] - Scream is one of the few and far between franchises where I've stood on the hill of saying there isn't really a 'bad' movie in the franchise... Well, here we finally are.  With Melissa Barrera and Jenna Ortega gone, the Carpenter sisters trilogy failed to see it's concluding chapter, but a movie still needed to be made. I don't think I've seen a Scream film with as much marketing and buildup leading to the premier as this film had, and the trailers and TV spots showed what looked like another promising entry to the franchise, even with shifting the focus again back to Sidney Prescott, but boy was I let down.  Kevin Williamson and the crew really had two routes to go with this film: develop the new characters we get introduced to and give us a reason to want to potentially see more of these characters in future installments, or go with nostalgia bait. The choice was the latter, and there is no shortage of nostalgia thrown at the audience from every which direction.  I appreciated seeing Chad and Mindy make their return to the film, but the part that confused me was actually why they were there. Their introduction to the movie would have made more sense if there was any exposition in Scream 5 and/or 6 that would have given at least the slightest little inkling that this was a possible path that Mindy would be persuing, but instead it's just ""Hey guys, we're just conveniently here the second the plot really starts to thicken!""  I will say that Neve Campbell and Courteney Cox are still phenomenal in their roles respectively, and ghostface scores 2 of the best kills in the entire franchise, but the underdeveloped and underused characters, the nostalgia bait that just ultimately falls flat and gets annoying, the painfully obvious ghostface reveal, and the horrible motive behind this new killing spree make this the weakest sequel in the franchise and the first movie in the franchise that I do consider quite bad.  Rating: 1.5/5",hot_take
150,The new horror show “Them” is another gross example of Hollywood mistaking exploitation for empowerment (hardcore rant incoming) -,hot_take
72,"I read 12 horror books in the past few months and here's a review of them all! - Sorted lowest to highest:  Title: Abandon by Blake Crouch  Oversimplified plot: Everyone from a mining town mysteriously disappears and over a century later a group of people investigate.  Sub-genre: Thriller  Bechdel Test: Pass  Trigger Warnings: child abuse, child death, domestic abuse  Opening Lines: Wind rips through the crags a thousand feet above, nothing moving in this godforsaken town, and the mule skinner knows that something is wrong.  Rating: 3/5  Review: Way more of a thriller than a horror, that had a really fun build up filled with intrigue and mystery, but unfortunately ended with a fizzle.  Title: Bad Cree by Jessica Johns  Oversimplified plot: A young Cree woman has increasingly vivid dreams and goes back to her family to get to the root of the problem.  Sub-genre: Magical realism  Bechdel Test: Pass  Trigger Warnings: Nothing major.  Opening Lines: Before I look down, I know it's there. The crow's head I was clutching in my dream is now in bed with me.  Rating: 3/5  Review: Intriguing premise with lots of potential that unfortunately went in a predictable direction. Additionally, the pacing is slow - not bad, just slow which might throw people off because the summary definitely makes it seem this novel would be much faster paced. There were a lot of things I liked, as well. The authenticity of the big family loving and supporting each other while still holding secrets and tensions was real and refreshing. Overall, I liked this book and look forward to the author's future work.  Title: The Taiga Syndrome by Cristina Rivera Garza  Oversimplified plot: A detective goes on a journey in the Taiga to look for a woman.  Sub-genre: Mystery, fantasy  Bechdel Test: Pass  Trigger Warnings: Nothing major.  Opening Lines: That they had lived there, they told me. In that house, there. And they pointed it out with an apprehension that could easily be mistaken for respect or fear.  Rating: 4/5  Review: ""Experimental"" is an adjective. That it is the same word I use to describe this book is not a lie. The author's use of language and prose is something I've never seen before. There's repetition of certain phrases and sentence structures in each chapter, the prose goes from a romantic flow to abrupt staccato jarringly. That combined with the setting of this book taking place in some unknown boreal forest makes this book incredibly atmospheric. There are commentaries on capitalism and misogyny and so much more that is reinforced with the use of fairy tales like Hansel and Gretel and Red Riding Hood. But everything, including the plot, the characters, the themes, takes a backseat to the language. The language is the star of this book. This is not for everyone. Despite its short length it was a long read. But it's beautiful. If you speak Spanish, get the Spanish version of the book for unique illustrations in each chapter which the English version unfortunately does not have.  Title: Tell Me I'm Worthless by Alison Rumfitt  Oversimplified plot: The trio's lives are irrevocably changed after spending a night in an abandoned house.  Sub-genre: Gothic  Bechdel Test: Pass  Trigger Warnings: Author's content warning at the beginning of the book: Tell Me I'm Worthless is a book about two things, primarily, and those things are trauma and fascism. I thought it important to include a content warning here, at the start, to say that. In dealing with those topics, the novel covers racism, antisemitism, transphobia, rape (both in abstract and graphic ways), self-harm and suicide.  Opening Lines: Long after the House is gone, it's there.  Rating: 4/5  Review: Brutal, violent, and as subtle as a bear attack. The author delves into the world of fascism and transphobia and bigotry of all types and masterfully interconnects the horrors of hauntings and haunted houses to deliver the punch just that much more effectively. This was not an easy read but it was worth it.  Title: The Spite House by Johnny Compton  Oversimplified plot: A family on the run is paid to stay in a haunted house.  Sub-genre: Gothic, paranormal  Bechdel Test: Pass  Trigger Warnings: child death  Opening Lines: The Masson House of Degener, Texas, was like the corpse of an old monster, too strange and feared for most to approach it, much less attempt to bury it. After all, it might be feigning death or dormant.  Rating: 4/5  Review: Big cast of interesting characters, interesting and compelling plot that differentiates it from your typical haunted house story, and fast-paced for it being a gothic. The best compliment I can pay: this is a slow burn that does not read like a slow burn.  Title: How to Sell a Haunted House by Grady Hendrix  Oversimplified plot: See title.  Sub-genre: Thriller, paranormal  Bechdel Test: Pass  Trigger Warnings: child harm  Opening Lines: Louise thought it might not go well, so she told her parents she was pregnant over the phone, from three thousand miles away, in San Francisco.  Rating: 4/5  Review: How to Sell a Haunted House was less campy than I was expecting! It was still a lot of fun and humorous at times, but felt more like a straight-down-the-barrel paranormal horror thriller. What sets this apart, is the focus on the characters. Whether you like them or not, they feel like real people, and that always makes the story more enjoyable. The pacing overall was also done very well; everything was reading quickly and tension was there throughout.  Title: Zero Saints by Gabino Iglesias  Oversimplified plot: Fernando encounters gangsters that want his territory and besides the extreme violence and body modification, something is not quite right with them.  Sub-genre: Crime  Bechdel Test: Fail (1st person male POV)  Trigger Warnings: extreme violence  Opening Lines: I didn't hear those pinches cabrones coming. They cracked my skull from behind. Probably expected me to drop like a sack of hammers, but the blow came with too much power and not enough finesse. You can't just whack someone on the head and expect them to go down for good. Some folks have really hard heads. now I knew mine was, and I had my iPod to blame.  Rating: 4/5  Review: Violent, surreal, action-packed, and incredibly immersive - there's a lot to like about this novel. Also, tiene que hablar español para disfrutar esta novela al maximo si no necesita usar un chingo de google translate.  Title: Full Immersion by Gemma Amor  Oversimplified plot: A woman finds her own dead body and investigates.  Sub-genre: Science fiction  Bechdel Test: Pass  Trigger Warnings: suicide  Opening Lines: Dear Sirs, It has taken me six months to write this letter.  Rating: 4/5  Review: An intensely personal novel about the challenges of postpartum depression and constantly having your worth questioned. I find that usually sci-fi horrors end up having eyes that are bigger than their stomachs so to speak and the book never actually lives up to the premise. This is not the case here. The sci-fi aspect and horror weave together really well and serve to tell the story in a creative way. This is a novel that I can see myself thinking about long after I last read it. Gemma Amor is quickly becoming one of my favorite authors and I can't wait to see what else she puts out there.  Title: Our Share of Night by Mariana Enríquez  Oversimplified plot: A boy and his father do everything they can to escape their family.  Sub-genre: Gothic  Bechdel Test: Pass  Trigger Warnings: child abuse (mental, physical, sexual), domestic abuse, suicide  Opening Lines: There was so much light that morning and the sky was so clear, its warm blue marred by a single white smirth, more like a plume of smoke than a cloud. It was already late and he needed to go and that hot day was going to be just like the next: if it rained and he was hit with the river's humidity and the stifling Buenos Aires heat, he would never be able to leave the city.  Rating: 4/5  Review: Incredibly written book with a fascinating plot. We follow Gaspar from childhood to young adulthood in this sprawling, genre bending book, and we frustratingly watch him grow not understanding what's happening to him and why he's so different. What we know that he doesn't is horrifying and unimaginable, and yet so secluded that it doesn't color the entire book with its fantastical and supernatural elements. We get lulled into a sense of normalcy while we're following Gaspar and his friends trying to live a normal life, and then, like a punch in the mouth, we're reminded what a horrifying world this truly is. My biggest issue with this novel is that there is a giant break in the middle of the book that goes on for about 20% of the book that shifts perspective. Even though it gives the readers more insight into this world, I feel it was largely unnecessary and really took me out of the story. Despite that, I think this is a wonderful story and the translation was done really well.  Title: Jawbone by Mónica Ojeda  Oversimplified plot: What happens when a pair of students and their friends do increasingly dangerous rituals to their made-up god and an obsessed teacher struggles to maintain her sanity collide? Nothing good.  Sub-genre: Thriller  Bechdel Test: Pass  Trigger Warnings: child abuse, incest, sexual violence  Opening Lines: She fluttered her eyes open, and in rushed all the shadows of the breaking day. Those voluminous stains - """"Opacity is the spirit of objects,"""" her therapist said - allowed her to make out some battered furniture and, farther away, a phantomized body scrubbing the floor with a hobbit mop.  Rating: 5/5  Review: Author's use of language is mesmerizing. The prose goes from lyrical to staccato depending on the character, depending on the plot. There are entire chapters consisting of a single character's soliloquy, there are chapters that are just quick back and forth and snappy dialogue, there are chapters with vivid and graphic details with little to no dialogue; but I never once found it pretentious or overbearing. This is translated from Spanish and I think the translator did a wonderful job of maintaining the natural lyricality of that language. And I haven't even talked about the plot! It was just so weird in a very good way. I never knew where exactly the story was going, but I was never once disappointed. This is an absolutely fantastic read, and while it might not be for everyone, I highly recommend it.  Title: We Spread by Iain Reid  Oversimplified plot: An elderly widow goes to long-term-care residence after a fall, and she slowly loses track of time and her agency.  Sub-genre: Thriller  Bechdel Test: Pass  Trigger Warnings: Nothing major.  Opening Lines: He was an artist. A prolific painter of merit and distinction. He impressed with his boldness and ingenuity. He liked to shock and bewilder. He refined this aesthetic of orderly, exaggerated confusion over many years.  Rating: 5/5  Review: Prose may be stark but the story is immersive. Partially because I am surrounded by older adults and adults with memory problems for my work, I found this book to be haunting and I could see so many of my patients in Penny, the main character. I found this story to be emotional and beautiful and I absolutely loved how so many different ideas (horizontal gene transfer, the Pando tree being connected, the passion for art and mathematics, just to name a few) are connected and pay off in very interesting ways.  Title: Queen of Teeth by Hailey Piper  Oversimplified plot: Yaya starts experiencing inexplicable symptoms that may have been caused by a pharmaceutical corporation.  Sub-genre: thriller  Bechdel Test: Pass  Trigger Warnings: sexual violence  Opening Lines: She should never have come.  Rating: 5/5  Review: A wonderfully grotesque novel with incredible imagery and a breakneck pace, that is ultimately about the power that is often stripped from women. This novel left me feeling equal parts enraged and invigorated.  Check out my previous reviews and my Goodreads page if you want to be friends. Happy reading!",critical_analysis
98,"Faces of Death (2026) [Slasher, Internet Horror] - Faces of Death (2026)  Rated R for strong bloody violence and gore, sexual content, nudity, language and drug use  Score: 4 out of 5  Before we had LiveLeak, Ogrish, Rotten.com, and other assorted shock sites, we (or rather, our parents) had Faces of Death, a series of ""mondo"" shock documentaries from the late '70s and '80s that purported to show what even the most graphic horror movies of the time refused to touch: actual footage of people dying, often violently. It's long been debated how much of the footage was real versus staged, but the fact that you couldn't say for absolute certain that it was all staged made it a forbidden fruit for an entire generation of extreme gorehounds for whom the work of Tom Savini et al. just didn't cut it anymore. (Rule of thumb: the footage of wars and atrocities was usually real, the disasters, executions, and accidents were more likely than not to be ""reenactments"" even if some of them were real, and there are detailed breakdowns out there telling you what was real or fake.) It was a rite of passage for '80s and '90s kids, the closest thing most people had to actual snuff films... at least, until the internet gave us unfiltered access to the real deal, from terrorist and cartel executions to grisly accidents to the ""home movies"" of murderers, which rendered Faces of Death and the entire mondo genre obsolete as that sort of content migrated online.  How, then, do you go about reviving a franchise whose very reason for being is now something you can find anywhere for free? What Daniel Goldhaber and Isa Mazzei did with this film was to tackle that shift head-on, making not a documentary but a conventional slasher movie in which violence on the internet plays a central role in the story and themes. The villain here, Arthur Spevak, is a serial killer whose M.O. is to target media personalities, from filmmakers to influencers to newscasters, and execute them in ways directly inspired by the old Faces of Death films, all while filming it and uploading the carnage to Kino, the YouTube/TikTok-like social video platform that the protagonist Margot Romero works as a content moderator for. All the while, a portrait is painted of a society so jaded and desensitized to violence and cruelty that Arthur's mayhem is too easily dismissed, from viewers who think the videos' professional-looking production values prove that they're fake to Margot's boss at Kino who wants to keep as many videos up as possible for the sake of engagement numbers -- or, as an older breed of lowbrow entertainers (and more than one character in this film) would put it, ""giving the people what they want."" As brutal and violent as this movie gets -- and make no mistake, this is a capital-S slasher movie that earns its R rating -- the scariest thing about it is the sheer nihilism of the world it takes place in, every nasty trend in internet culture blown up for the world to see. It's the forty-years-later spiritual sequel to Videodrome that takes David Cronenberg's warnings about lowbrow trash media and just barely exaggerates where it ultimately wound up, feeling like the kind of sleazy, dirty movie that you'd get if you brought a '70s/'80s underground filmmaker into the modern day and gave him or her a smartphone able to access all the internet's wonders, a film that felt disgusted and righteously pissed off at a world gone made where you could believe that a guy like Arthur could exist in real life -- which is rather appropriate given the lurid nature of the original film and how it was presented as ""the graphic reality of DEATH, close-up."" It makes a sick sort of sense that Charli XCX has a small role as one of Margot's co-workers, as this film takes the entire ""don't care, just wanna party"" ethos of ""Brat Summer"" and paints it in the least flattering light, and her playing a character who's basically a thinly-fictionalized version of her real-life public persona attaches it irrevocably to its message.  And even if you're not interested in social commentary about the internet, this is still a brutal, pull-no-punches, take-no-prisoners slasher flick that kicked my ass. The fact that the hook here is that the killer is ""remaking"" Faces of Death means that there are numerous brutal kills staged in lurid detail, from direct recreations of some of the original's greatest hits (the monkey brains, the electric chair, the shootout) to a pair of horrifying mutilations. All of it is dished out by Dacre Montgomery as Arthur, playing a very different sort of monster from Billy on Stranger Things but still spooking me all the same. Arthur is at once a cold, analytical killer who can occasionally put on a mask of normality and also a delusional manchild obsessed with fame and shaping the culture, the two sides meshing together shockingly well thanks to the bad case of ""internet brain"" that he seems to suffer from. His ""masked killer"" outfit works to both hide his identity and keep himself clean, his neat-freak tendencies coming out when he risks getting blood on him, and the scenes of him showing up to do his dirty business of kidnapping his targets before getting to ""the goods"" were no less scary than what happens after he's brought them to his house of horrors. Montgomery is terrifying as Arthur, one of the best modern slasher killers I've seen, and he's matched beat-for-beat by Barbie Ferreira as Margot. Having previously had a brush with online infamy thanks to a Kino challenge she recorded with her sister that went horribly wrong, got her sister killed, and then went viral as the rotten cherry on top, Margot got a job as a content moderator thinking she'd be making the world a better place, only to realize that the rot runs all the way to the top, as Kino is only willing to do the bare minimum to police their site so that they can credibly tell activists and politicians that they're trying. Taking matters into her own hands once she starts to suspect that somebody is uploading snuff films to the site for the world to see, she makes for a badass horror heroine who's outmatched and scared out of her wits but pushes on anyway because nobody else will. This film did have some lesser moments, especially some dumb decisions by various characters that felt like the worst sort of slasher stereotype (lookin' at you, Sam, violating every rule of horror movie survival), but once it turned into a mutual cat-and-mouse game between Arthur and Margot around the halfway mark, it dug its claws in and never let go until the end. Montgomery and Ferreira are this movie's heart and soul, and it was they, even more than the effects team and their outstanding work, that supplied the moments in this movie that stuck with me as I came home from the theater.  The Bottom Line  The basic conceit behind this movie was a risky one that could've easily turned into the dumbest sort of cash-in schlock, but the filmmakers understood the assignment and aced it with flying colors, making both an effective satire of the excesses of internet culture and, more importantly, a straightforward slasher flick that feels modern yet can still hang with the classics.  <Originally posted at https://kevinsreviewcatalogue.blogspot.com/2026/04/review-faces-of-death-2026.html>",critical_analysis
190,"Red Rabbit - Anyone else read this? I'm currently fighting my way through the last 3rd of it. I find the author's ability to write in the time period to be phenomenal, however, the book itself has been boring and just seems to keep dragging on and on with no clear peak. The character's themselves, too, in my opinion, are bland with very little development. Thoughts and Opinions welcomed.",critical_analysis
167,Hokum was INCREDIBLE and I'm so glad I didn't listen to those who said it was terrible or sub-par. These are my spoilery thoughts on why I enjoyed it. -,hot_take
19,I enjoyed this way more than I thought I would. It's quite creepy and very well done!! Might be one of my favorite ghost movies now -,visceral_reaction
146,"This is the most stupidest thing Screen Rant posted. IT only has 2 chapters in the original book, welcome to Derry works because they gonna adapt what they didn't in the book as a prequel, but considering to adapt a third chapter that doesn't exist is... -",hot_take
95,"I finally finished Between Two Fires. I'm not trying to pick any fights, but I just... was bored the entire time. I would have added to the DNF pile if reddit didn't love it so much. So... why does reddit love it so much? - I don't understand the love for it. I loved the middle portion aboutthe angel dying.I thought, ""Alright now I get it. That was cool and unique. And that's halfway through; the whole second half of the book must be heightening that."" Nope. It was right back to fight monster, run from monster. Bicker. Backstory.  The monsters don't heighten in horror either. Every one is it's own little thing; none of them very scary or original. Some of them far less scary than the last.  The three main characters are written well, but nothing out of the ordinary or unique to the background of a character from anything in this time.  I feel like the real life story of the Black Plague is scarier than these stories were.  And the twist at the end of Delphine being Jesusread to me like a corny short story from a classmate in introduction to fiction writing.  I just... I don't get why it's brought up as basically a must read on reddit. Is it one of the first horror some have read? Or is there something you got from reading it that didn't land for me?  EDIT: edited out ""is this your first horror book"" the first time I mentioned it, and hope to clarify; I don't mean it like ""I remember my first beer."" I see the book recommended a lot in other subs as well, so was legitimately wondering if the love for this book comes from it introducing people to a new genre they love.",critical_analysis
64,"Not horror but... - Lately I've been seeing more and more recommendation request threads be answered with some form of ""not horror but...""  Guys, what is even the point of having a dedicated horror lit subreddit if these kinds of answers are not only frequent, but often get upvoted to the top??? I think the most egregious example I saw recently was Dungeon Crawler Carl, which yes, fun book, but in no way horror. (And if you do think it can be classified as horror, at least explain why you think it might fit.)  There are already so many great subreddits for fantasy, sci-fi, tons of other niche genres, so if someone is coming here for a request, they are clearly asking for HORROR. If you can't think of a horror specific recommendation, you don't have to answer.  Has anyone else noticed this trend? Also, can we all collectively agree that even if you like a book, you can still downvote it as a recommendation if it isn't horror or horror-adjacent?  Don't want to end on a negative note, so just want to add that I really appreciate this sub and have gotten lots of great new reads from here. I love seeing all the diverse opinions & recommendations and just don't want to see it turn into another generic ""the same 3 popular books get recommended over & over again"" sub.",hot_take
129,Can someone explain to me why the Broccolis losing creative control of the Bond Franchise is a bad thing? Because honestly... Have you seen the state of this franchise? -,hot_take
205,"Predator: Badlands (2025) [Action/Horror, Science Fiction, Alien] - Predator: Badlands (2025)  Rated PG-13 for sequences of strong sci-fi violence  Score: 4 out of 5  Dan Trachtenberg was easily the best thing to happen to the Predator franchise since somebody first came up with the idea of crossing it over with the Alien franchise. In the last few years, he has made three Predator movies in the form of Prey, the animated Predator: Killer of Killers, and now this, and each one of them can be credibly argued to be the best in the series since the original back in 1987, depending on what one is in the mood for. What's even more impressive is that, despite each of them having enough commonalities that it's clear that they were all made by the same man, each of them is also a clearly distinct film that stands on its own separate from the rest. In this case, the series' usual perspective is flipped, the main character this time being a Predator himself setting out to prove that he has what it takes, and the result is not so much a horror movie as it is an action-packed survival thriller, one that feels like Trachtenberg had been watching a lot of The Mandalorian and The Last of Us in the dynamic between its protagonist and the damaged robot he comes across who aids him in his quest. Don't let the PG-13 rating fool you, this is a vicious, unflinching, no-holds-barred sci-fi action flick filled with kick-ass fight scenes, tons of interesting lore for franchise nerds, two great lead performances, a sense of humor that's lively without getting overbearing and annoying, and some neat commentary on both the Predators' culture and, by extension, the sort of real-life human honor cultures that it resembles. I saw this on a big fat IMAX screen, but I can still see this holding up on a rewatch at home, and I recommend seeking it out either way.  One thing that becomes immediately apparent watching this, from the very first frame, is Trachtenberg's skill at crafting worlds and dropping viewers straight into the film. The film opens on Yautja Prime, the homeworld of this series' titular alien hunters, who call themselves the Yautja. This is a world where advanced technology is paired with a primitive tribal lifestyle that feels like a deliberate choice on the part of the Yautja, with our first sight being our protagonist Dek racing across the expanse of this world on a hoverbike decorated with the bleached bones of dead alien creatures. They're a species and culture who justify their savagery with a social Darwinist attitude about how only the strong deserve to survive, let alone rule, an attitude that takes center stage with Dek and the brutality he's immersed in from the moment we meet him. Dek, a young Yautja, is the runt of his litter and the disappointment of his father Njhorr, who wants to just kill him for being so weak and not up to Yautja standards. When Dek's brother Kwei tries to stand up for him, Njhorr kills Kwei for it, seeing him as having given into emotional weakness and forcing Dek to flee the planet. One gets the sense that Trachtenberg, as much as he may love this series as a whole, sees the Yautja and their culture as fundamentally rotten to the core, as evidenced by the fact that the first and, so far, only explicitly heroic Yautja we've seen in these films (though I can't speak for the comics) is one who's dismissed as a scrawny weakling by his own family. When Dek finally confronts Njhorr again at the end after all he's been through, it's not a happy reunion, with Dek tearing into his father and everything he believes, stands for, and represents while Njhorr does everything he can to prove Dek's point.  This theme continues once we get to Genna, the brutal death world that Dek said he wanted to travel to so he could prove his worth to his father by hunting the Kalisk, a terrifying apex predator that no Yautja has ever managed to take down. Genna is a planet whose name sounds like ""Gehenna"" and ""Jahannam,"" the Jewish and Islamic terms for Hell, and where everything from the bugs to the herbivores to the trees to the grass wants to kill Dek, such that we can only imagine what the Kalisk is like if none of this is sufficient to be the scariest thing on Genna. While it was clear that Trachtenberg shot this movie on Earth (New Zealand specifically), he still did a wonderful job making Genna feel alien, a place hostile to any life that is not its own as we see all manner of creatures big and small locked into its vicious struggle for survival. For Dek, survival comes not from being an island unto himself, but from a fire-forged alliance with Thia, a synthetic who'd been the sole survivor of an expedition that the human Weyland-Yutani corporation sent to Genna on their own research mission. (Yep, this marks the official moment when the Alien and Predator franchises, after decades of crossovers, are declared to exist in the same universe.) Thia's in no position to do much fighting, not when her entire lower half has been ripped off and she's now just a head, torso, and arms, but she does know where Dek can find the Kalisk and promises to lead him to it in exchange for him reuniting her with her severed lower half so she can be rebuilt. The relationship between Dek and Thia forms this movie's dramatic core, with Dimitrius Schuster-Koloamatangi pulling off a very difficult job getting me invested in a character who's visibly non-human, virtually all action, and only speaks in a fictional language, while Elle Fanning does a great job making Thia the comic relief to Dek's hyper-serious warrior without ever feeling like an outright joke character. (For starters, the most annoyingly chipper parts of her personality are kept to a brief montage that's specifically designed to establish her as somebody who Dek finds annoying.) I thought I knew where this movie was gonna go with Dek and Thia's budding friendship, especially after seeing comments on social media talking about its themes, but the film still found a way to surprise me.  Especially when Tessa, the other major human-looking character in the film, enters the picture. The remnants of the Weyland-Yutani expedition were still in orbit around Genna and seeking out the Kalisk for themselves, and Thia's synthetic ""sister"" Tessa has been recovered and rebuilt for round two. I already thought Fanning was great as Thia, but seeing her pull double duty as Tessa had me convinced that they'd secretly cast her sister Dakota alongside her, the two characters were so radically different from one another. None of Thia's cheerfulness or warmth is present in Tessa, an intense, cold-blooded, hard-nosed ice queen who's there to get the job done (and maybe snag a live Yautja too, while she's at it) and serves as the main... well, not ""human,"" but at least sapient villain for Dek and Thia to overcome. In many ways, she serves as a mirror of Njhorr, a figure whose obsession with Darwinian struggle highlights how the only difference between the corporate suits of the human race in this universe (and, by extension, the real-life corporations that Weyland-Yutani is based on -- Trachtenberg definitely has Thoughts about this sort of thing) and the naked barbarism of the Yautja is that the humans and their synths cloak their violence behind a mask of civilization and refinement. With Tessa, Fanning became this movie's secret weapon, her dual role here such that she ought to be on the notice of every casting director in Hollywood, especially when Thia and Tessa interact face-to-face or Thia has to briefly impersonate Tessa in one scene (and doesn't quite pull it off).  This movie's got plenty of other weapons, too, of the more literal variety. Trachtenberg is no slouch when it comes to action, with the film starting with its foot on the gas and only rarely letting up long enough to give viewers room to breathe. It is bloody, too, such that I highly suspect that the only reason the MPAA let it get away with a PG-13 is because there's no ""hard"" swear words, no cursing, and no violence inflicted on human beings. There are plenty of scenes of synths and aliens getting chopped up and dismembered, yet all the blood that's spilled is either the white ""blood"" of synths or the green, orange, blue, or purple blood of aliens. It's here where Schuster-Koloamatangi gets the most room to shine, the prodigious action scenes serving as a sizzle reel for him as an action hero as he fights every monster under Genna's sun and then gets into battle with Weyland-Yutani's synths. The wildlife of Genna, too, was awe-inspiring to look at, ranging from slightly fantastical and aggressive versions of real Earth animals (pterodactyls, elephants, bugs) to truly alien monsters like carnivorous, prehensile vines, a giant spider-like carnivore that stalks the trees, and the fearsome Kalisk itself, which looks like King Kong if he were possessed by a demon. Make no mistake, even with the rating, the humorous bits, and the focus on a heroic Yautja, this is by no means ""baby's first Predator movie."" This film is as hard-hitting and brutal as any other in the series, and it makes no bones about it.  The Bottom Line  Predator: Badlands continues the hot streak that this series has been on for the last few years, with a pair of great leads, a ton of kick-ass action, neat worldbuilding for series fans, and subtext that doesn't overpower the film but still lends it some added depth. Disney should just keep letting Dan Trachtenberg do his thing with these movies, because he's killin' it so far.  <Originally posted at https://kevinsreviewcatalogue.blogspot.com/2025/11/review-predator-badlands-2025.html>",critical_analysis
104,"Change my mind: the horror genre is saturated. - I can't help but feel that the horror genre in general is somewhat jaded. There doesn't seem to be any fresh ideas or original stories on the horizon. When are we going to see another 'Hereditary' or another 'The Witch', or 'Midsommar'? Please change my mind.",hot_take
88,Welcome to Derry was kind of embarrassing and more than a little insulting to the source material. Anyone else feel like this? -,hot_take
