text,label,notes
"Looking for visually artistic horror films that don't have a plot or are silent films without text - I have Borderline Personality Disorder as well as PTSD (Also have CPTSD, Autism, and M.E./CFS but those aren't really relevant here), and am suffering from severe burnout right now, as well as alot of trauma coming up. As a result, meditation is very hard cos flashbacks come up, or my mind is racing with traumatic thoughts or painful emotions.  PS: please don't recommend obsession. I am not looking for that now, though I am excited to see it when it begins streaming. Also just want to keep in mind to not spread stigma about BPD around due to movies like obsession. looks like a good horror film though.  I am looking for something to watch almost as a meditation experience, except instead of relaxing music to try calm me, this would be the inverse - to help me sit with the horrible feelings I have and allow me to feel the feelings and have something to focus on.  Trigger warning: self-harm - my self-harm ideation makes me have intrustive thoughts of slitting my wrists and ankles with a knife. I've never done it thankfully. But the thoughts are so visceral and strong that they cause persistent somatic memory. So I have that feeling on my wrists 24/7, like an itch I can't scratch. I am not sure if seeing images of that happening would help, or be worse, but please note it wont make me do it to myself. If any movies have scenes with it in, I'd be happy to try it and see how it makes me feel  But in general, the main aspect is to have anything that imitates a sort of feeling of the emotional pain and torment I'm experiencing due to my trauma. I am not too keen on gore, more just keen on eerie, abstract things. LIke the silent hill games are a perfect example, the sound of that radio etc.  I began watching The Wolf House which is EXACTLY what I'm looking for (doesn't have to be animated, in fact I'd prefer not to be animation). The way it manifests that scratchy, eerie, silent-hill type of feeling works so well for me.  But I'm just struggling to read subtitles right now due to my burnout. I also don't want to watch a non-subbed movie that has a plot like your normal horror films.  I'm looking for any artistic films that would just be alot of visuals to sort of watch as a meditation experience, allow myself to dissociate into my thoughts, while still also having something to fixate on and anchor me back to the present moment when the thoughts get too painful.  Old silent films also seem like a great idea. very creepy and eerie visuals due to the nature of the old film. the phantom carriage and the bat both seem great, just that reading the text is hard right now with my burnout, so, any silent films without any text would be great too. those can have plot. but in general, i want something where the plot isnt exactly requiring cocentration.  I did start skinamarink but found the long shots with alot of silence made my thoughts and flashbacks come up alot. I'd like something more visually enticing, the wolf house for example is just constant feast for the eyes. though anything with beautiful cinematography will also work. but right now im kinda keen on things that are ""scratchy"", and eerie.  EDIT: I'm seeing another downvote. Guys, please know it is triggering me DEEPLY to be downvoted. There is ALOT of stigma about mental illness that people dont understand, and it feels quite invalidating to assume I don't know my own illness or how to handle these things. Please be gentle and kind, I'm in alot of pain and didn't come here for mental health advice, but for movie recommendations. I am and can seek support on mental health subs if I need that.",,
"Scary Movie- 10/10 The Wayans Brothers Save America. - Over the past several years, countless dollars have been spent by various civic and corporate entities attempting to tell the American people that the best way to live is to derive personal satisfaction by enforcing and identifying with a completely nonsensical trove of social mores. Scary Movie proves that no matter how much money you spend, no matter how many useful idiots you recruit, no matter how many posts you post, no matter how many sad and tired insults you direct out at your more intelligent neighbors, there is absolutely nothing that you can do to prevent a film that makes people to laugh from making 170 Million dollars so far. People want to go out and spend their money to laugh and have fun and there is absolutely nothing wrong with that. In fact, I think it should be encouraged and subsidized! A world where people who want to laugh and be happy are classified instead as nothing but a bunch of shamefully regressive miscreants is not a world I want to live in…and neither do the Wayans brothers. This movie was intended to show the world that jokes can still be funny and have real power whether you like it or not…and it is succeeding brilliantly. People are waking up because of this movie and I couldn’t be happier about it.         The actual content of most of the movie was absolutely crap… in the best way possible for a twelve-year-old boy. Poop jokes, nostalgia jokes, sex jokes, weed jokes, ect. It goes without saying that I laughed to the point of tears numerous times during the film especially when Shorty got so high that he became a Korean. I also am completely incapable of not rolling on the floor like a mental patient upon witnessing any of the antics of Kennan Thompson.    The laughter was spectacular for my soul and I figured it would be. But there were also a few scenes which crossed into a realm of social commentary that I was not expecting at all. These wise brothers seek to remind us all that we are allowed to laugh at the most ridiculous and laughable elements of society. We all have the collective power to laugh the most idiotic members of our society (On the Left, the Right, and Especially in the Middle) back to good sense. We who live life on our own terms who are happy to share this beautiful world with EVERYONE are the overwhelming majority and we need to start acting like it…So  HA…HA…HA.",,
"What are some of your favorite summer horror films? - Most probably associate horror with the fall season but there’s a surprisingly high amount of horror movies that work for the summer season as well. My prime picks are these three franchises: Creature from the Black Lagoon, JAWS, and Friday the 13th.",,
"Herschell Gordon Lewis, the “Godfather of Gore”, was born 100 years ago today - Lewis invented the gore film and pushed the boundaries of what could be shown on screen. He explored many different exploitation subgenres and made many films that would become cult classics. What’s your favorite film of his? Personally, I’d go with Two Thousand Maniacs (1964). It’s a perfect blend of hixploitation and gore, and it has a kickin’ theme song to boot. It’s basically a feature-length Twilight Zone episode plus graphic horror.  https://encrypted-tbn0.gstatic.com/images?q=tbn:ANd9GcRwiMJHcHlDF9kpvgRSaD-GFKYVJVDzBNjQfNCHPi2GZcYbhHbPfwPx14c&s=10",,
"I think I've just watched the worst clown movie ever made - So I just watched Scissors (2025) on tubi and it's probably the worst clown based movie I've ever seen (and I've seen a lot of them). Basically the entire cast is unknown porn stars and the guys are even less known. The movie started out seeming to aim for some kind of artistic vibe that failed since the main actress is a porn star who doesn't know how to change expressions lol then they kinda ripped off a scene from Clowntergeist, and somehow the movie just managed to get worse from there. I'm a fan of B grade horror but that was hard even for me to watch.",,
What are your favorite Lovecraftian or Lovecraftian-inspired movies - Two I really enjoy are Re-Animator and From Beyond which were both directed by Stuart Gordon and have a few of the same cast members.  While both are really great movies From Beyond's horror is much more cosmic which is the type of horror Lovecraft is most known for.,,
"Biological horror recs - I'm looking for movies where the horror is a virus, bacteria, parasite, fungi, prion or disease, something that kills the host from the inside, I wanna feel myself rotting from within my guts too.  Something like Carriers (2009), Contagion (2011) or The Bay (2009).  Please no zombie movies. Thanks in advance!",,
"Favorite 'forgotten' late '90s/early 00s horror movies? - With a massive straight-to-VHS/DVD market and Scream clones popping up all over the place, this was a great time for cheesy, fun and sometimes genuinely solid horror flicks.  My personal favorites lost to the mists of time:  - Wishcraft: guy mysteriously gets three wishes, while classmates are being killed off in increasingly ludicrous fashion by a mysterious figure.  - Cherry Falls: slasher flick where the twist on the genre is that the killer seems to be targeting virgins. Michael Biehn is in this one.  - Dead Man's Curve/The Curve: college students realise they get an instant passing grade if their roommate dies. Shenanigans ensue. Matthew Lillard was great here, I seem to remember.  Any obscure gems you'd recommend from back then?",,
"Recommendations for horror movies without hope / no chance of escaping - Any horror movie recommendations where there's no chance of escaping the situation?  For example some of my favorite horror movies are:  Rec 1&2  Grave Encounters  Last Shift (Original)  Gonijam  What they have in common are demonic possesion/cults, characters trapped in a building or an area and there's no way of escaping the thing that's chasing you. It has to be jump scare galore and have creepy, depressing atmosphere.  Doesn't have to be strictly demonic, but the whatever the threat is, it should be mostly invulnerable or remain mysterious until the end. And again, I don't want the characters to be able to defeat the ""thing"" at the end. Like Hereditary.  Any movies like that you guys could recommend? Thanks!",,
"[Yellowjackets] I really wish the show hadn't dropped the teens' inexperience/desperation and nature as the main threaths for the Wilderness timeline - Premise: english isn't my fist language. I am also posting here cuz the subreddit of the show has banned negative posts  I know, I know. You're probably tired of hearing complaints about the quality declining season after season, but I just finished watching the series and wanted to share my impressions. You know what made the wilderness scenes in seasons 1 and 2 particularly tense/disturbing, besides the supernatural? The fact that the series made it perfectly clear that the survivors were a group of completely unprepared teenagers, lacking the resources or knowledge necessary to survive in the wilderness. They were normal kids who suddenly found themselves catapulted far from civilization and the comforts they were accustomed to. From the moment the plane crashed, it became clear they had only a vague idea (or no idea) of what to do. In season 1, this was best captured with Jackie. While some of her actions/behaviors were the result of an unconscious suicidal tendency, for the most part, she still acted desperately like a normal teenager, rather than someone stuck in a life-or-death situation. She continued to act like she was the most popular girl in school and lacked the emotional maturity to handle the situation (especially Shauna's betrayal and the fact that the rest of the team was openly starting to resent her).  The way she's kicked out of the house almost sounds like the plot of a typical teen drama. In fact, it's easy to draw parallels between the way the girls kick her out for the night and the way they usually treated Misty or Allie back at home. Worse still, her death is also the consequence of the fact that neither she nor the other Yellowjackets have the slightest idea how to survive. Shauna and the others don't even think about the cold, happy to humiliate Jackie for a night and convinced they'll let her back in the next day. Jackie, on the other hand, decides that her pride is more important and doesn't even consider the idea that she's putting herself in danger. She dies because she doesn't know how to keep herself warm or how to keep the fire burning.  This obviously also applies to other characters with ""useful"" knowledge in seasons 1 and 2. Nat and Travis are good at shooting, but they're not exactly professional hunters. Many of their expeditions end in failure, and it's questionable how good they actually are at tracking or setting traps. All this, of course, before Travis begins to overuse hallucinogenic mushrooms to deal with the trauma. The group begins to resort to cannibalism after Nat fails to carry the dead moose out of the lake in ""Old Wounds."" And Misty and her medical knowledge? Apparently it's limited to first aid and nothing more. She goes into a complete panic while Shauna gives birth, and it's immediately clear she's not up to the task. She fails to save the baby, and Shauna herself nearly dies. It was almost a miracle/plot device that Coach Scott and Nat didn't die from the injuries sustained.  The first and second seasons worked hard to show us how desperate and on the verge of collapse the various characters were. We saw numerous scenes in which characters like Nat, Mari, and even Shauna crumble when the reality of their situation hits them like a runaway train. This is why the first hunt is by far one of the most terrifying scenes of the series. The girls  throw themselves headlong into the idea of ​​""sacrificing someone to the wilderness"" out of sheer desperation and a sincere conviction born of madness and hunger. They are also still teenagers not particularly good at hunting, because if it hadn't been for the lake, both Javi and Natalie would have managed to escape.  That's why I was intrigued by the second season's clifchanger. The cabin burned down, and now a group of already desperate and increasingly crazed girls find themselves out in the cold, without resources. Surely we'll see them become even more ruthless and savage to survive in the wilderness, right?  Nope, let's have a time skip. Now the girls have a functioning village and animals! How? The first two seasons made it clear they had neither the tools nor the knowledge to set up a tent, let alone a cabin.  Now they have ducks and rabbits! Where the hell did they get them? The first two seasons made it clear there wasn't much wilderness around there, especially in the winter. More importantly, how are they taking care of them? We're told that Akilah is somehow capable of taking care of them all. Akilah, you know, the same character who in season 2 couldn't keep a mouse alive and was desperate enough to try to eat its mummified body. Like sure, we get the usual ""The Wilderness provide"" line, but I am not sure it explains how or where the teens acquired so many resurces and abilities  Now, I won't delve into Shauna's characterization or the ""Hunt in the pilot episode vs. Hunt in season three"" debate because there are already too many posts on the subject. However, I argue that the initial situation of season three undermines the whole ""Nat and the other survivors managed to retain their humanity, unlike Shauna."" story.  Why? Because the driving force that led them to renounce their humanity in the first place is gone. Unlike the first and second seasons, they have other means of survival, their costant despeartion at their situation is absent or caused by other factors (like Shhauna becoming bisexual Stalin), and nature itself appears as a mere backdrop, rather than an incomprehensible and indifferent threat like in the 2 previous seasons.  I think that by abandoning the depiction of the survivors as desperate girls abandoned in a dangerous, unfamiliar environment, forced to adapt or die, the series has likely forfeited one of its greatest strengths.",,
the miniseries calls - Okay so I was afforded the opportunity to watch or should I say listen to this and I just wanted to know before I started do I need to watch what's on the screen or can I just listen to it like it's an audio drama? Or is the screen important to what goes on in the ? Since I know it's mainly phone calls I just was wondering cuz I wanted to put it on my ears and just kind of listen while I was doing other things but if there's stuff on the screen that I actually need to pay attention to I will need to watch it another time,,
"The Thing Theory - Circumstances had me watching The Thing again this evening. Maybe it's a generally cut scene, maybe I hadn't noticed it before but there's a scene before the dog gets kenneled where it visits the room of someone who's shown only in a shadowed silhouette. They're clean shaven, with short curly hair and a prominent chin. It can only be Norris.  I'd chalked up his heart attack to The Thing copying someone with a heart condition so well that it had heart condition. There's a The Thing wiki and they run with this basic premise as well. I think it's the canon understanding. And sure it makes sense even if he was the first person invaded. But I've been thinking in terms of, not necessarily the prequel, but what The Thing must have learned at the Norwegian camp:  Moments after its alone with the dogs it starts assimilating. It must know that they'd start barking. It knows everything a dog knows. So I thought, ""That's kind of dumb. It should have waited."" Whatever, keep watching. It's still a great movie. Then Norris starts having issues. What if The Thing can't maintain a fully covert form for very long?  I'm generally sympathetic to a ""The Thing is just trying to get home and views humans as unimportant material"" perspective of the creature. Blair's computer simulation simply misunderstands it's motives. It's not trying to take over the world. So the dog didn't go assimilation crazy because it threw caution to the wind. It was struggling to maintain it's form. That a being of this biological genius couldn't fix a heart condition, despite being able to survive any death less than incineration, is washed away. It couldn't maintain the Norris form since it had been him the longest.  The dog should have ran away into the ice if it couldn't maintain cover instead of playing dog all day. That it understands heart conditions could be a stretch. But I like it. Please, if you bothered reading this far poke more holes in it.  I don't think this is Carpenters lost vision. If the Norris silhouette scene isn't in the normal cuts I assume it's because either, it's meaningless to a new viewer or it doesn't provide new information to repeat viewers. Norris is unmistakably taken over either way.",,
"‘Summerween’ Exclusive Trailer – Killer Clown Horror Movie Kicks Off the Summer Haunting Season - I’m surprised this has a big budget, I think it’ll be worth a watch. The clown actually looks scary instead of cheap.  Chris Morrison looks terrifying! I do wonder if this will be good or bad. Anyway this has me intrigued will see.",,
"survival horror recs - Looking for some intense, fast paced survival horror movies where characters fight to stay alive against nature, weather, or animals. I’ve already seen fall, 47 meters down, backcountry, frozen, and the shallows.",,
"Horror Comedy ‘Best Friends Forever’ Expands Cast With ‘SNL’ Alum Aristotle Athari, ‘Game Changer’ Comedian Zac Oyama, ‘Dead Meat’ Hosts James A. Janisse and Chelsea Rebecca, 'Hacks' Actress Ally Maki, and Model Lynley Eilers -",,
"Can r/horror create a master list of horror films for every fear and phobia—including obscure ones? - I’d like to create, or at least contribute to the creation of, a crowdsourced master list of horror films organized by fear/phobia.  The goal is to identify at least one horror film that strongly embodies each fear. I’ve found a few websites that cover many of the obvious examples, but I’d also like to cover some of the more obscure and rarely discussed phobias.  If a similar project already exists, please link it. Otherwise, let’s build one together.  If this ends up becoming a spreadsheet, wiki, Letterboxd list, database, or some other community resource, even better. I’m more interested in helping create it than getting credit for it.  Here’s the list I’m working from:  Animals & Creatures Arachnophobia (spiders) Ophidiophobia (snakes) Cynophobia (dogs) Entomophobia (insects) Zoophobia (animals)  Places & Spaces Acrophobia (heights) Agoraphobia (open/public spaces) Claustrophobia (enclosed spaces) Aerophobia (flying) Aquaphobia (water) Taphephobia (burial)  Medical & Disease Trypanophobia (needles) Hemophobia (blood) Mysophobia (germs/contamination) Dentophobia (dentists) Nosocomephobia (hospitals) Emetophobia (vomiting) Tokophobia (childbirth)  Nature & Environment Astraphobia (storms) Nyctophobia (darkness)  Social & Interpersonal Social Anxiety (social judgment) Scopophobia (being watched) Autophobia (being alone) Haphephobia (being touched) Xenophobia (strangers)  Entertainment & Performance Coulrophobia (clowns) Glossophobia (public speaking) Gelotophobia (being laughed at)  Existential & Abstract Thanatophobia (death) Apeirophobia (infinity) Chronophobia (time) Phobophobia (fear itself) Cherophobia (happiness) Athazagoraphobia (being forgotten)  Mirrors & Perception Eisoptrophobia (mirrors) Somniphobia (sleep)  Failure, Change & Control Atychiphobia (failure) Decidophobia (making decisions) Neophobia (new things)  Objects & Symbols Koumpounophobia (buttons) Globophobia (balloons) Chromophobia (colors) Triskaidekaphobia (number 13)  Technology & Modern Life Technophobia (technology) Nomophobia (no phone)  Food & Eating Arachibutyrophobia (peanut butter) Cibophobia (food) Mageirocophobia (cooking) Deipnophobia (eating socially) Phagophobia (swallowing) Pseudodysphagia (choking) Mycophobia (mushrooms)  Feel free to suggest multiple films per phobia if you think there are worthy contenders.  EDIT: Please only suggest a category if you've actually seen the film yourself. I'd like this list to be at least somewhat curated rather than just a compilation of every title that an AI search or a site like doesthedogdie.com can match to a specific trigger/phobia.  Also, I'd like to emphasize that the film should meaningfully embody the fear in question, rather than simply feature it in a single scene or moment—unless that scene is so central to the film that it defines the experience.  Good horror films are preferred. The consensus should be the film that best represents the fear is the priority, then the quality of the movie. There are a ton of movies that scrape the barrel.",,
Which horror movie homage is this comic book cover doing? - This is a new comic from Marvel solicited as “Midnight X-Men #1 Artist Movie Homage Variant.” Wondered if anyone here knew the homage?  For anyone interested in this: Publisher: Marvel Comics/X-Men Writer: Jonathan Hickman Artist: Matteo Della Fonte Cover Artist: Bjorn Barends Product Code: JUN264507 Expected Ship Date: 8/5/2026,,
"What's the WORST horror film you've seen that you actually enjoyed/loved? - My answer is 'Death Factory' (2002)  I was on letterboxd looking through slasher accounts trying to find new slasher films to watch. I'm a pretty big fanatic and I honestly feel like I've seen every slasher film that's worth atleast one viewing. While going through one specific list I came across this title and decided to check it out because it was on Tubi. I watched it and I absolutely loved it. This low budget no nothing slasher just gave me everything I could want!  I had an ABSOLUTE blast with this film. It's exactly what i'm looking for and feel like I fail to find 95% of the time.  The plot is very simple and 80's. Young characters decide to break into an abandoned/random place to drink, party, and have sex. But oops, there's a killer here! I love it. Been done a million times but I'm HERE for it.  The cinematography is giving camcorder. It looked a lot like 'Bloody Murder 2' (The superior sequel). It's such a vibe and very charming to me.  The performances and characters overall are fine. The characters are thin as hell and exactly what you'd expect and it doesn't hurt this film at all. I'd even argue our final girl gives a solidly decent scared performance.  The killer has such a cool look. She looks like a rocker deadite chick with spiked hair, sharp fangs, two Freddy Krueger type glove contraptions, and leg braces? She also has random spikes/spokes on her forearms. A very cool look.  All the kills in this movie are SURPRISINGLY bloody. Some good gore practical effects here and there as well. I was not dissapointed with ANY kill. After our opening two I was shook but also like ""Please tell me all the budget didn't just go to these two kills"". THEY DIDN'T.  There are also numerous homages to other slasher films here as well that were fun to watch.  There isn't an original bone in this film's body but man did I love EVERYTHING and was into everything. It flew by for me as well. I could of easily rewatched it as soon as it ended. The only other slasher film I can think of off the top of my head that's not well made but is perfect because it isn't is 'Sleepaway Camp'. High praise? Probably. But it's true for me. Is this the longest most positive review of this film? Probably, and that's also true.  This film has a 3.5 on IMDB and I loved it. I rated it a 4 on letterboxd and right as the credits rolled I bought a physical copy on Ebay! If you're looking for a straightforward gory slasher film. I HIGHLY recommend Death Factory.  So what's yours? What's the worst horror film you've watched that you ended up enjoying/loving?",,
"Your favorite non-Anglophone European and African horror movies - I know I could just search this on Google, but Reddit is for discussions and getting people's subjective opinions, so here I am. ☺️  I'm from the U.S., so obv I know movies that were made here. Also I've seen a bunch of UK horror. Lastly, I'm familiar with a lot of Asian horror and a lot of Spanish-spoken horror. I've watched films that are German and French; I've seen some Italian movies. Where the heck are the movies from Albania, Greece, Romania?? Do we have any of African origin? Nigeria, South Africa, Ghana?  I like: atmospheric, tense, supernatural and mostly linear plots (non-linear kinda makes my brain hurt, but I'll take it). I also enjoy horror with a mystery attached (eg Ju-On/The Grudge/Ringu: like what is with this curse, man?!) Flashy 2000s young-adults-doing-dumb-stuff (One Missed Call; Urban Legend; IKWYDLS) is one of my favorite tropes.  If y'all can throw some titles at me, I'll make a list and get started right away. OK, love you! Thank you in advance! ❤️",,
"Just saw Leviticus (no spoilers) - I liked it a lot! Once they establish the premise, it just amps up tension for the rest of the movie. Both of the lead actors gave really good performances and it's a fairly emotional story as well. Fun time, 9/10.",,
"Will Terrifier lead to more calls for gore? - I feel like Terrifier is one of the first mainstream slasher films that features an iconic slasher like Jason, Leatherface, etc. that actually has brutal torture and gore. Like Hostel or Saw but arguably more extreme. Do you think with its popularity, and with young horror fans starting out with movies like that, we will see a call for more torture and brutal kills in slashers? I feel like with slashers from 10+ years ago, there was always this limit to how far they would go with the gore and the agony of the victims. But seeing as Terrifier 2 was a huge hit at 15.8m box office, and Terrifier 3 hitting 90.3m, I’ve never seen a series with this level of brutal, torturous kills grow in popularity this much.  Personally, I love it. I’ve always felt a lot of slashers were too tame. But I’m curious what others think.",,
"Have you used earplugs when seeing horror movies in the cinema? - I'm going to see a horror movie today and was thinking of bringing earplugs (like Loops). Never tried it. Have you tried it? Does it change the experience significantly?  ​  I have two things against loud noises in the cinema. One is that I'm more sensitive than most people to very loud sounds. Like it physically hurts my ears. The other is that, while I love horror movies, I'm a little pussy and get scared easily ahah And the sounds are a big part of that, maybe.  ​  ​  ​",,
"Twists - I was reading some posts just now on best horror imagery that stuck with you. And for some reason a scene came to mind that isn’t imagery, it’s just the shock that turns the movie on its head.  I’m not sure how well M Knight Shyamalan’s The Visit is regarded here. I actually found the movie deeply disturbing. And the scene that did it for me was obviously the twist.  When the kids are filming for their amateur documentary and they are on the phone with their mom. And the son shows a shot of their grandparents to her, so she can see how strange they are acting?  I flipped my shit when the mom, as calmly as she could possibly say it, said something to the effect of:  “Kids listen. Don’t freak out when I tell you this. But …those aren’t your grandparents.”  It’s not the best twist of all time and call me gullible but I did NOT see that coming.  I gasped and my mouth flew open.  I LOVED that scene.  So what are some of your favorite twists?",,
"Too desensitized after watching too many movies? - I really don't want to come off as hyper critical.  While I get the hype that some movies get the hype that they do, while watching some movies that have gained traction on the internet especially this sub, the final reveals just leave me feeling ""that's it?"". Backr00ms, Obsessi0n specifically.  How can I remedy this? or how do you guys navigate this?",,
"Can't Remember Movie Title - Edit: I've found it! The movie is called "" INCANTATION "" (2022)  Hey Guys, I need some help finding the name of a movie that I watched about three or four years ago.  I can only remember about two scenes of the movie because I didn't watch it through fully, but from what I can recall is that the movie was based in Asia and I think it was an Asian film company that produced the movie. And it was about a possession/curse that was going around?  The first scene I can remember is that whilst there was some narration going on in the background ( I Think... ) there was a scene in which we were looking through a CCTV camera into a police station office, in which a police officer, upon watching something on his computer, stands up and shoots himself with his sidearm. ( I believe this happened quite early on ).  The other scene I can recall is a moment in which a child is pointing to the ceiling in her house and a mother looking rather scared is guiding a shadowy entity out of the house whilst the little girl points out to her mother where it is?  It's a modern movie I think released any time between 2010 and 2020, in the setting of the movie was a 21st century environment.  If anyone could find out this movie it would be greatly appreciated.  I've done some snooping around and I can confirm it is not the film "" Mama "" although both are rather similar.  Cheers.",,
"Lee Cronin’s Mummy - Just watched for the first time and it was pretty good IMO, forgive me if this has been answered but are there are clues or information on what happened to the Grandma after the possession is finished and it goes into Charlie? I assume the reanimated corpse just falls to the ground and she has to be buried again? I just feel like it’s a small plot hole that kinda went under the rug.",,
“Radius” movie experience - So my next movie I’m fixing to watch is Radius.  I like to compare the small amount of info I know or read about the synopsis before going in…to whatever first comes to mind. Just from the quick description I’ve read…my first thought was M Night Shyamalan’s “Unbreakable”. 🤷‍♀️ we’ll see.  Any thoughts without giving too much away??,,
There was only so much Jovovich could do for the RE movies - I just finished the last resident evil movie of the franchise (RE final chapter 2016). i went on one after another in search of the appeal. sitting thru the livestream of the iceberg lettuce outlasting Liz Truss was less boring. it was nothing but pure ass.,,
"Help me to find the movie. - Looking for a horror/sci-fi movie (before 2017). There was a scene where an infected woman at home calmly offered the main character a glass of water. She seemed normal but was already under some kind of mind control. The main character suspected the water was dangerous and refused it. It was not The Crazies, The Invasion, Body Snatchers, Shivers, Prince of Darkness, A Cure for Wellness, The Bay, or Cabin Fever.",,
"With the overwhelmingly positive reviews around Leviticus and hey aren’t people talking about it more? - Could just be my algorithm but it doesn’t seem like many people are talking about Leviticus. Doesn’t seem to have a ton of buzz and feels like it’s flying under a lot of people’s radars. Every review I have seen has is basically saying the same thing; the film is phenomenal.  Is it just a bit of marketing flop? Regardless, it’s on the top of my list for this week.",,
"What makes Obsesion ""The Best Horror of 2026"" ? - Let me clarify:  1- I enjoyed this movie a lot, I think it's a fantastic horror film, it was fun, just gory enough, had some good acting and a twisted plot, and seeing it in theatre, I found they made especially good use of the sound track. I also think it has it's flaws and is not necessarily super original or deep.  2- I personally don't think it's the best horror of the year so far, but I see that opinion on here a lot and I am curious to know what others have found particularly good about it as to rate it as such.",,
Beneath the Trees Where Nobody See needs an adaption. What non traditional horror properties you'd like to see adapted? -,,
"If you liked the vibe of backroms... - I went into this movie blind and immediately I associated it with a very interesting book that I read.  ​  It's essentially a house with infinite space inside of it that changes. But it's told in a way that is unique in structure which makes it a even more interesting read.  ​  Its called ""house of leaves""  ​  I have no affiliation to the book. I am just an admirer",,
"The Beast You Are By Paul Tremblay - A 10/10 jaunt through the “post-truth Hellscape” - Hey, remember that Covid thing that happened? And a bunch of other stuff too that we’re just like deciding to not talk about as a society? Paul Tremblay remembers and presents us not only with a vision of what we might fear but also with an extraordinarily civilized and decent view of what potentially navigating American life might have to be like for those of us unwilling to accept what absolutely nobody voted for. The stories presented in this collection, especially the title anthropomorphic animal novella, enable the author to enjoy creating frights based upon both our persistent personal traumas and our collectively (maybe) hallucinated ones.  I had become a fan Mr. Tremblay’s work upon the release of A Head Full of Ghosts and have thoroughly enjoyed following the development of his writing since then. Generally, when someone writes something which is that good so early in their career, it’s all downhill from there. Not the case here…and I have a feeling his new novel (with a PKD reference right in the title), Dead But Dreaming of Electric Sheep, is going to blow me out of the water based on the logical progression here. Tremblay’s Horror Movie was one of the most original horror novels in decades and has received very little mainstream attention. The stories contained in this collection will garner even less unfortunately (unless people dig this review as much as I dig this book: tongue out emoji). However, these stories contain the foundational ideological materials which will permit Mr. Tremblay to continue to elevate himself to the mainstream of American popular culture where his works certainly belong due to their quality and relevance (see Knock at the Cabin or whatever they changed the title of that one to).           The idea of “pay no attention to the blood and guts, they’re the least of your worries,” is one which just seemed to ring around in my head after cruising through this work. I feel like I have probably read more horror short story collections than I have horror novels and that has been a conscientious choice. This one gets a 10 and not a 9 because of the way the stories seem to logically build upon one another…which makes the crescendo of the final novella more effective. You know, like how that part in the beginning of that movie with those cartoon elderly people where you like laugh and cry and go through a whole thing and then the movie starts. Oh yeah also, there was this goo story that knocked my socks off! 10/10",,
"Wrong turn marathon anyone? - Honestly this is the best way to spend my day off, I’ve been a hills have eyes fan and wrong turn fan since I was a teenager, I have like every copy of the series. I used to live in WV so the stories I head as a kid always resonates to these movies lol. I’m not weird i promise lol",,
"Horror films, shows and books with bleak/hopeless endings? - What are good horror/thriller films, shows or books with no ""positive"" resolution, or an ending that feels dark/depressing?  Heres all I can think of, off the top of my head [POSSIBLE SPOILERS?]:  FILMS - Funny Games - Eden Lake - Creep - Mother! - The Others - Parasite - We Need to Talk About Kevin - The Mist  SHOWS - Adolescence  BOOKS - Head Full of Ghosts - Flowers for Algernon - The Stepford Wives  Thank you! (^__^)",,
"Greg Nicotero Joins ‘Twilight of the Dead’ to Bring Romero’s Final Zombie Tale to Life! - Beckinsale replaced Jovovich and now this news? I was just looking at Nicotero's new Crypt Keeper pics this weekend so it's some weird kind of synergy to see this first thing when I wake up. Can't lie, either, this makes me even more stoked and gives me even more hope for the film.",,
"Movie of the day...CTHULHU (2007) - Movie of the day...Cthulhu (2007).  ""Do it, Russell! Make sacrifice! Look! Look into the red eye of your god!""  Young history professor Russell Marsh returns to his home town of Rivermouth, where his father leads a New Age cult, to attend his mother’s funeral. Circumstances force him to remain in town for several days, longer than he had planned or wished. Russ reunites with an old friend, but he also begins to learn things about the town and his family that suggest his father’s cult is far more sinister and far more dangerous than he had known.  Something I love about this movie is its attempt to show how the world might look to a person in the days right before Cthulhu finally rises from the ocean. Natural disasters. Environmental collapse. A world on the brink of apocalyptic war. By the end of the movie, the Emergency Broadcast System is warning people to stay in their homes because of widespread civil unrest. All around the world, people have gone mad and things are coming out of the sea.  It's also interesting that we see how the people in town (including the sheriff) feel about the wealthy Marsh family. They know something bad is going on, and a lot of them hate it, but most of them are too frightened to do anything about it.  It’s a beautiful film and it has some genuinely shocking, chilling moments. Both cinematography and music are excellent. It tries to tell a tale of Lovecraftian complexity—it draws heavily on The Shadow over Innsmouth and also attempts to make the story a metaphor for the dread felt by gay men as they navigate an often hostile world. But there are too many plot threads, and the story meanders, and the conclusion feels a little forced. It’s worth a watch, and the ending is powerful, but it’s not as good as it could have been.  Rating: B-  https://en.wikipedia.org/wiki/Cthulhu_(2007_film))",,
"Movies like Tumbbad? - Tumbbad is one of the few movies that really made me uncomfortable, really enjoyed it. I’ve been watching movies almost every night for 25 years, at this point I have issues finding good movies, specially horror honestly.  Any recommendations?  Thanks!",,
"What Horror Audio Dramas/Podcasts Would You Recommend? - I've been on a huge kick for podcasts/audio dramas lately, and I wanted to get some recommendations from the community. I've got a few shows I'd recommend, though I'm sure folks around here will have come across them before. Links are to YT, but I believe they're on other platforms as well.  My recent listenings that I'd recommend include:  The Wrong Station Chilling Tales For Dark Nights (I particularly enjoy Horror Hill, but Drew Blood is pretty good too, since this is an umbrella channel Old Gods of Appalachia, which I admittedly fell off after season 3, but I've been meaning to get back to it  How about you all? What shows are you listening to, or have you listened to over the years that you think more people should check out? And what about them drew you in?",,
"Child's Play/Toy Story Question: Do you think the toys would move in front of Chucky because he's a toy, or that they wouldn't move because he's actually Charles Lee Ray, a human trapped inside of a plastic body? -",,
"What is a Horror Movie that You Were Surprised that Legendary Film Critics Siskel & Ebert LOVED? - I made a post talking about Roger Ebert and his views on how the MPAA ratings board ruined the chance of Henry: Portrait of a Serial Killer from being seen by a wider audience, and it got me thinking. A lot of people tend to view these guys (and a lot of professional critics, in general) of being snooty fops who turn their noses up at horror films. Well after watching a whole bunch of their reviews, there were a lot of horror movies that they gave overwhelming praise to.  Is there a horror movie (can be one that you either love or hate) that you are surprised that both Siskel & Ebert gave glowing, positive praise for?  I'll go first since this is one of my favorite movies of all time: Dawn of the Dead (1978)",,
"Has anyone watched Slanted yet? - According to the Trailer its a mix between Girls Club and The Substance, which sounds super promising yet too good to be true!  ​  Has anyone seen it yet?",,
"My thoughts on the main theme of ""Something Very Bad Is Going To Happen"" - Apologies for the late post, but I just got through this show. Firstly, I absolutely loved it. I know not everyone feels the same and it certainly wasn't a perfect show, I was legitimately hooked on every episode trying to figure out what the writers were 'saying.' And here's where I've landed...  In my opinion, it isn't actually that you need to ""believe the other person is your soulmate"", though that's still a result anyway... (spoiler warning)  It's all actually very simple, and the biggest clue is Jules & Nell. Throughout the entire show, they're miserable. While everyone else in the family puts on a happy face and pretends (and convinces themselves) that everything is great, Jules & Nell are actually present and see reality. Nicky's critique of his brother is that he is brutally honest with his wife. And that's why they didn't die... they were honest.  To help prove the point, just look at Boris (Nicky's dad) - he also doesn't die. Why? Because his character comes around by the end of the show and realizes it wasn't good to hide Nicky from all the bad, and he shares the family's secrets with him (honesty). But Nicky's mom, Victoria, does die to the curse because we see that right up to the end (before everyone starts dying), she's continues to lie to herself and her family and reassures Nicky that ""everything is fine"" and that Nicky has ""nothing to be ashamed of"" (or something along those lines).  Portia? Died. No surprise there - she wasn't living in an honest reality, lol.  We can safely assume that all the family members who died also had a problem with not being honest with themselves and the reality they live in, which likely resulted in them not actually marrying their soulmate even if they thought they did, hence the curse causing their death.  Now, onto Nicky & Rachel... If Nicky would have said ""yes"" at the alter, would Rachel have died? I believe not, because she didn't drink the concoction she prepared. This reveals she made an intentional choice to stay 'true to herself' (brutal honesty) and not become someone she isn't, just to be Nicky's soulmate. But after the alter and while Nicky and Rachel are fighting, it is revealed that Nicky never believed her about the curse. This is key... because Nicky was continuing his family's tradition of pretending everything is fine and nothing bad is going to happen.  Unfortunately, this makes Rachel realize she doesn't want to marry Nicky anymore... effectively... he is no longer her soulmate. But Nicky watches all these people die, realizes the curse is real, realizes that Rachel IS his soulmate, and he thinks he needs to marry her (per Jules) to stop the curse from spreading to their family.  So now, when the family and Jules force Rachel to finish the ceremony, Rachel now dies. Why? Not because some magical belief in your soulmate - but instead because after Nicky's recent honesty, Rachel realizes that she can't truly be herself with Nicky and therefore can't be honest = he is no longer her soulmate.  Lastly, look to the couple who asked Rachel and Nicky at the rehearsal, saying, ""Have you seen anyone die in front of you?"" as a marker for how trauma can force you to be honest with your partner. Obvious foreshadowing, but a clue to whom the curse kills and who it doesn't.  To conclude, yes, ultimately it is a 'belief in your soulmate' that decides who lives and who dies. But I think on a deeper level, the only characters who could accurately make that call were the ones who were honest with themselves.  I believe this is why Rachel tells Jude at the end to 'never let anyone tell him this didn't happen,' as this may lead him down a path of denying reality and ultimately NOT marrying his soulmate.  But that's just my thoughts. Happy to discuss!",,
"Folk horror - Any good indie or niche folk horror films, in the spirit of Gaua, Nightsiren, Hagazussa, You Won’t Be Alone, The Devil’s Bath etc (all of which I strongly recommend)?",,
"Allow me to share my pitch for the ""better"" Jaws franchise. - Alright hear me out. My wife and I have been watching the Jaws movies over our vacation and I can't help but think of what could have been if this series had been a little different. Imagine if this series had been an anthology about different man-eating predators! And I have just the way to see what that would've looked like. Join me and my wife on this little alternate universe journey.  Jaws (1975): watch this first. It's amazing. It's the template. It's near perfect.  Jaws 2 aka Grizzly (1976): The first sequel made immediately after. A bear instead of a shark. The woods instead of the ocean. Well liked but doesn't pay off. This is the ""Nightmare on Elm Street 2"" of this franchise. The studio panics and we get...  Jaws 3 aka Orca (1977): The return to form. We kick off with the Orca killing the shark, we are back in the ocean with a sea captain. We overcorrect with the scariness and see a whale miscarriage??? Yeah this movie is nuts. Kind've the Halloween 4 of the series. Back to the formula of the original but weirder.  Jaws 4 aka Piranha (1978): The one where things get silly, but also kinda awesome. Personally I adore this film and think it works both as a Jaws spoof and its own thing. I dare say the Evil Dead 2 of the series???  Jaws 5 aka Nightwing (1979): The one that goes completely off the rails. It's about bats? Has nothing to do with the original formula? Introduces a supernatural element? The Slumber Party 2, prom night 2, Halloween 3, Friday 7 of the series. It's so weird and decades from now some fans will insist it's actually amazing.  Jaws 6 aka Alligator (1980): The sequel that goes bananas and it's super 80's but also slaps and everyone loves it. Think of this as the Friday 6 or Dream Warriors of this franchise. Takes the concept to 11, has a ripping soundtrack, is better than it has any right to be.  (edit: u/TopRevenue2 is correct. this is the one that takes the franchise to NYC. it's clearly the Predator 2, Friday 8, Scream 6 of the series)  Jaws 7 aka Razorback (1984): The film that pops up after a break and feels pretty far from where we started but kinda stands on its own. Returns to some of the footprint of the original (a team of three with different occupational backgrounds going after the big threat) while the rest of the plot is wildly different. Jason X and New Nightmare fit this same bill.  And that's it! That's the make-believe alternate Jaws franchise my lovely wife and I have enjoyed over our vacation. I hope it's silly enough to bring someone else as much joy as it brought us. We love these obscure franchise knock offs and honestly given they are all Jaws riffs to begin with it kinda feels like a series anyway, plus the chronology makes it feel like the progression of many other franchises of the time. Let me know if you try it out :)",,
"What's the best extreme horror films? - And when I say extreme, I mean it... ​Please don't tell me Hereditary or Get Out. I'm thinking more Marian Dora and Lucifer Valentine level of extremity​",,
Never been more pissed at a horror movie pontypool - This was looking to be a really creative horror movie up until the point that got to the explanation of what was really going on. then it loses all credibility.  ​  It starts off guy comes into work at a radio station in the church and a small town in Canada and then news reports come out about weird happenings at a doctor's office and stuff starts to go on from there you start to get the idea that it starts to sound a bunch of people behaving weirdly. And then they get to the point where they explain what the actual reason behind the weird behavior and weird groups of people are it's because there's a fucking virus in language. You're supposed to suspend all beliefs and believe that by saying a certain word or something it changes somebody into a sound zombie yeah that's about as believable as money is going to fall from the sky and give me 20 million dollars in the next 5 minutes. I mean if you're going to make a fucking story make it at least about something that is plausible but a fucking virus spread by a word when there has never been any proof or anything that even remotely hits at the fact that it's possible for me to say a word and turn somebody into a fucking sound zombie that is led by the sound of people's voices to kill them calm the fuck on. This is the cleanest goddamn fucking explanation for an outbreak movie I've ever seen in my goddamn fucking life.  ​  ​  And it's a goddamn shame because they had so much fucking potential people hearing stories having phone calls call into the radio station to talk about kind of what's going on around the town while they're stuck in this little cramp building. kind of like a zombie story told through radio news reports. Until the fucking worthless lame ass explanation came in and ruined it. fuck you director. you took something that was going to be so fucking good maybe a little on the slow side but a well done well thought out horror movie and ruined it with a lame ass explanation of a virus outbreak. Fuck you for ruining something that was going to be fantastic.  ​  I got up to an hour and 3 minutes into the goddamn movie when they started explaining what was going on and I just couldn't watch anymore because there's no believability in the cause of the virus. That language itself is the virus and a virus has attached itself to words and somehow is spreading among the people through a word. come the fuck on.  ​  Would have been more believable if it was mass hypnosis and all the people started going crazy because somebody hypnotized them and were causing them to do zombie like things. But my fucking God what a way to really shit on a good premise. Man I was really liking the movie too and I am so fucking mad that dickish director took it in that direction of stupidity.  ​  ​  ​  ​  ​,,
"[Hollywood Reporter] Curry Barker is planning on adapting his independent film ‘MILK & SERIAL’ into a full feature film, but might outsource it to another director. The original film was made for $800. -",,
Depressing/Gloomy/Dreadful Horror Movies - What are some films that really give you that feeling of just being coated in darkness? Films like Obsessin or Martyrs nail this for me. Anyone have anymore recs?,,
"Noobie Here. What Are Some Really Good 1980s Horror? - I'm an imposter. I must admit, I'm not much of a movie horror fan, but are there any good '80s movies that have good characters and dialouge? The Shining wasn't scary, but it sure was fun.",,
"Whistle - Whistle (2025), which is a Canadian-Irish horror movie according to IMDB, turned out to be way better than your average teenage focused horror movie. If you’re into folk horror and witchcraft, don’t skip this one. Most of the young actors bring in fine performances and the death scenes are very graphic and brutal. Not the best script, but for every plothole there’s an original take like the devilish young priest, which makes Whistle stand above other teenage horror flicks. A solid 7.5/10",,
"What are your thoughts on ""Morgan"" (2016)? Anya Taylor-Joy as a killing sentient terrorizes Kate Mara - First act went too long with the exposition but when it goes ham, it goes HAM. Watching Anya Taylor-Joy strangle Michelle Yeoh or beating up Jennifer Jason Leigh wasn't something I expected to be entertained by but it turned out to be an entertaining sci fi horror that reminded me of another favorite of mine, Splice by Vincenzo Natali.  It always surprises me how good Anya is at delivering kickass fight scenes and Kate Mara, in that short haircut, must have driven the gays into a frenzy.  A fabulous cast, the last 45 minutes delivers everything you want in a tense horror thriller and a shocking twist. Sad this flopped when it first came out!",,
sad news about Daveigh Chase - I was kinda obsessed with her growing up bc the ring was so scary and samara creeped me out so bad so i used to just go on her wikipedia page or google images keeping up w her for reassurance that she's just an actress. also knowing she voiced lilo made it less scary. sad that she passed so young.,,
"Looking for book recommendations for a teenage horror nerd - We are really trying to advocate for literacy in our home with our teenager, and it has been a bit challenging to say the least. My partner's teenager loves horrors movies, but sadly I do not share an interest... So I come to you all for a little help to share some cool stuff with him!  ​  I'd like to get some novels for him. He does take interest in manga, but hasnt looked too much into the Junji ito works he's been given. He also like Chainsawman as a comic book so I have been slowly buying him those.  ​  I am thinking about getting him House of Leaves and a few more Junji ito books. He really likes the stories behind Michael, The backroooms, Jason, Five Nights at Freddie's, Resident Evil and Silent Hill.  ​  Would appreciate any book or literature recommendations for him to get him off screens. Thanks in advance.",,
"Just finished Misery Movie. Was a big let down compared to the book. - The movie was a decent thriller no doubt. But it has almost zero depth and doesn't evoke any real emotion in me or explore the human character. It can be summarized as a simple story about a writer getting held hostage and forced to write a book by a psycho fan. I want to make it clear I don't think there is anything inherently wrong with the movie. Just that the format isn't good enough for a story that leans in so much on the psychological aspect.  The novel feels completely different and much funnier. So much was left out in the movie, including the following:  - Paul really wanted to finish the novel and was obsessed with it, despite being forced to write at gunpoint.  - Paul went batshit with Misery's Return by turning a romance book into a highly creative adventure story. The story reflects the state of his mind with a very heightened creativity given his current situation.  - Paul was completely hooked on drugs and took great measures to get his fix.  - Annie's depressive episodes were much worse (and scarier) in the book. The part where Paul slipped out of his room during Annie's absence and saw the complete mess in the house really showed how bad Annie's manic depression can get.  - Paul became more and more cowed as time went on. He didn't dare request for a new typewriter even after the two very important keyboard keys fell off. Because Annie cut off his thumb when he did earlier. Paul was also afraid to scream for help even when the state troopers were around because he felt Annie was a ""Goddess"" who couldn't be taken down.  - In the fight to death, Annie was much scarier as she was really badly injured by the fire and was stuffed by burned paper (the papers were stuck in her throat in the book), got her head hit on the mantel, had glass pierced her face, but still manage to jump out of the window even after Paul incapacitated her twice.  - Paul suffered much more and completely loss his dignity. The movie never felt that way.  - Annie was much more physically imposing in the book. While the actress who played Annie in the movie performed really well, her physical size was not nearly that imposing at all.  - Paul accepted death and even wanted it many times because of how miserable his situation was. He nevertheless pushed on because he wanted revenge.  - Paul's initial struggle with his broken legs was much worse because of the pain. The movie felt as if Paul was just merely crippled.  - Annie felt much more calculating and demanding. She only brings Paul treats (food/dessert) when she wanted something from him. She was depicted as much more intelligent and scheming and it was as if Paul had no hope because she guessed or know his every move.",,
"Cloverfield (2008) | ⭐ 8.5/10 | [REVIEW] - Cloverfield (2008)  Rating: 8.5/10  Watched: June 15, 2026  ""Slusho! You Can't Drink Just Six!""  Cloverfield is really well done. I saw it in theaters, but it was hard to concentrate with the shakycam so I left with not a great take on it. At home, it was lots easier to pay attention, So I got that going for me.  Which is better than what anyone in this movie has going for *them*. It starts off like most found footage flicks do, but it doesn't take long for it to become WHEN KAIJUS ATTACK! And that's great.  The effects of NYC falling down around everyone as they run hither and thither is very well done, as is the military presence. It's very realistic and the drama/tension feels real as it gets.  But the real indelible mark here are the scenes with Cloverfield. Naturally it's easier to do good effects with found footage, but that doesn't diminish the spectacle of it all. They don't shy away from showing the monster when necessary and it looks as real as it is terrifying.  The subway scene alone is worth the price of admission, though it will always be jarring that it's TJ Miller as the camerman.  Long story short, this movie is a lot better than I remember, probably because I wasn't dying from motion sickness.  Beyond that? Definitely worth a watch if you've never seen it!  This was very much a better viewing experience at home, and now that I wasn't sitting there wishing for death the whole time, I might take a look at 10 Cloverfield Lane and The Cloverfield Paradox. I've seen clips here and there of the other two, but since my only memory of Cloverfield was paralyzing motion sickness, I never bothered.",,
"Cold Storage or Hokum??? - Should I rent/buy Cold Storage for $5.99/$10.99 or should I rent/buy Hokum for $19.99/$24.99???  ​  Is Hokum better? If so, is it 3x better?  ​  I'm looking for a true horror movie with some thriller/suspense/intensity. Im not a huge fan of supernatural and paranormal. Idk if that weighs into it or not.",,
"Why did John Doe in Se7en believe ""What I've done is going to be puzzled over and studied and followed... forever""? - Other than the obvious answer that he's just a nutbag?  Sure, he put a lot of work into it, but so have many serial killers. Did he really think he was going to change anyone?",,
"Whoa! Another recommendation request post?? - Hi lol. Good morning, afternoon, evening, or night wherever you happen to be.  While some of you might have seen my recent post about starting a physical collection of DVDs, I by no means am a horror novice. That being said, there’s still a ton of stuff I haven’t seen! I need to be better about filling out my Letterboxd, but I get bored sometimes.  That being said, I was curious if anyone would have any recommendations catered to my favorite movies of all time! And hey, maybe if I’m lucky, I’ll make a friend that shares my interest lol.  Without further ado… My top 5! 1 being my fav. 1. Blair witch project! The original. Not only my favorite horror movie, but also just my favorite movie! I’ve seen it countless times, and inspired my love for found footage! Besides, it’s the first movie I felt like my mom and I really bonded over, because she told me all about how cool the marketing was for the movie at the time.  August Underground Mordum! I’m sorry. There’s probably something wrong with me. But this movie is like, THE utmost depraved movie I’ve ever seen, and there’s something like… artfully fascinating about that to me? Like I’ve seen Salo, Serbian film, Trauma, but like at the end of the day, none of them really tap into that raw chaos that Fred Vogel’s character Peter Mountain taps into. I don’t know why, but it’s less of a grueling watch for a couple of reasons. The character is unreasonably evil, and is never given a reason or a fleshing out that would ever explain why he does what he does, so I guess it makes it feel a little less realistic to me? Also the heavy vhs filter helps a lot! And also FV is like such a nice guy I’ve heard. I watched Angst hoping that maybe would replace this spot with something a little less gross and a little more chaotic serial killer, but angst was low key kinda boring. Just my opinion tho! Please feel free to suggest something that could take this spot lol it makes me feel icky putting it in my top 4.  I spit on your grave! 2010. I know the original is probably objectively better, but I thought this was like a criminally good watch. I like the concept of a RR movie, they used to be too much for me to watch, but there’s nothing quite as satisfying as watching someone come back from the brink of essentially being destroyed to their core only to handcraft living hell for those that did it to her. I really wanted the sequels to be good too but I didn’t really like them as much. 2 was ok, 3 was just really bad.  Skinamarink! I know this one is probably a little divisive. It’s nothing like the movies I already mentioned on this list. It’s super artsy, and some might find it boring or a little more style than substance, but I think it really does a great job of getting into like the ultimate childhood nightmare, and as someone who loves children’s horror, this is like if you took children’s horror and made it take enough substances to put down a large elephant.  Honorable mentions: - can’t tell if I love or hate Climax - Antiviral!! Super underrated. Has anyone else even watched this? Never ever hear anyone talk about it. - August Underground Penance! Arguably more satisfying to watch than Mordum as there is almost a sense of humanity to this one from the female lead. - Goosebumps (not a movie, but the tv series lol, I’ve watched it more times than u can count haha)  Anyway! Let me know if you got any recommendations!",,
Are there any horror movies that are actually scarier to watch during the day? - I feel like every horror movie I’ve ever seen has been better at night. Feeling like the whole world is a sleep and anything can be outside heightens the fear factor of the movie. But I was wondering if there are any horror movies that are actually somehow enhanced by daytime. Any suggestions?,,
"List of 5 Found Footage Movies on YouTube now that came out this year. Title, Description and Direct links in post. - Title-On a Cold Dark Night  Description- Medium paced , 2 Friends heading out to a party but get put in a dangerous situation by a manic and his booby traps, uncomfortable and scary confined space feel . Plus some original concepts make this one of my favorites this year.  Link- https://www.youtube.com/watch?v=dyyZDcijD1c  ​  Title - Doc 05  Description- Slowburn , some friend go stay out in a cabin in the woods, things start to go wrong. One person hardheaded behavior leads to everyones nightmare .A no one can help us trapped feel  Link - https://www.youtube.com/watch?v=ZxipgMqPmvU  ​  Title - V/C/R  Description -Medium to Fast paced, An anthology series of several short films using old VCR video type look. A mixed bag of short films but entertaining.  Link -  https://www.youtube.com/watch?v=w4kweLq-H7Q  ​  Title - Vengeance X  Description - Fast paced , Willamette Floss is trying to solve a mystery about a viral youtube video but realizes something far bigger is going on. Mix of Horror , Sci-Fi and Superhero.  Link -  https://youtu.be/CNiTJIDOVJA  ​  Title - Bodycam  Description - Medium to fast paced, Cops going on the beat and encounter the occult. Some very intense scenes and special effects.  Link - https://www.youtube.com/watch?v=pjmWsCzbORc  ​  ​",,
"The IMDb page for RETURN OF THE LIVING DEAD says 2027 now.... - At this point is it actually coming out?  First it was December 2025, then November 2026, now it just says 2027. No cast and no news since the teaser dropped way back",,
"What are some good movies with scares hidden in the background? - Sorry if this has been asked before, wasn't sure what to search for good results  I'm trying to find movies where there's a decent bit of scary content in the background, without the movie pointing it out. For example, in Hereditary, the scene where the main character is sitting on the bed in his bedroom, and the grandma(?) is in the top left corner clinging to the ceiling but the movie never tries to focus on it.  Stuff like that tends to be one of my favorite horror gimmicks, because not calling it out makes it much more effective and it also acts like a fun little hunt trying to see if something is in the background",,
Robert Tapert Says 'Evil Dead Wrath' May Be the Franchise’s Toughest Battle With the MPA. Film also is set in 1972. -,,
"Similarities between Hellraiser and The Fly - Totally different horror movies, but I find the message from both films similar: Temptation and consequences. The Lament Figuration box and the Telepods. One that opens the doorway to Hell that gives you experience pain and suffering beyond imagination. The other can transform you into a grotesque thing and you live your living days in pain and agony. Quite interesting.",,
"I heard someone call This is The End (2013) a horror comedy. It is not horror. Definitely a black comedy movie. - I like the movie a lot, but it it for sure not a horror comedy. Side note: Can you believe it's 13 years old? I was finishing my freshman year at high school when TITE came out. Wild.",,
What imagery from a horror film has never left you? - I’m talking about those visceral horror scenes you can still picture when you close your eyes. More words because I can’t post this without writing an essay for some reason so enjoy all these useless words.  Edit: I guess I can share mine. It’s the scene from Hereditary where Toni Collette is sawing off her own head while maintaining eye contact with the son. Just a horrifying piece of imagery.,,
"Need recommendations for good Internet/Analog/Digital horror/Cosmic horror films - So off of watching Kane Parson's debut film and thinking back to some of my favorite first-time horror watches, I've come to realize how much I not only love liminal horror films but what I'm calling ""creepypasta horror"" - horror that's concerned with abstract lore, especially as it relates to technology, and/or existentialism.  I've put together a list on Letterboxd of certain films I feel fall into 5 subgenres and I need recs (the full list is here btw - https://letterboxd.com/dremolus/list/horror-for-a-creepypasta-age/ )  1. Psychosis caused by the internet, media overload, and 24/7 information access  Ex: I Saw the TV Glow, Red Rooms, Pulse, Videodrome  2. Liminal spaces: empty, abandoned places or distorted, illogical places that appear eerie, forlorn, uncanny, and often surreal and create a feeling of distortion and unease  Ex: Vivarium, Skinamarink, Beyond the Black Rainbow, Inland Empire  3. Analog horror: horror utilizing analog technology, proper physical media like tapes, or media formats from the 20th century (typically, 80s-90s)  Ex: The Blair Witch Project, Ring, Sinister, Late Night with the Devil  4. Cosmic horror made in the 21st Century  Ex: It Ends, Annihilation, The Empty Man, Under the Skin  5. Horror in a digital space: either in the digital space or found-footage with digital cameras  Ex: Unfriended, Host, undertone, Deadstream",,
"Is there such a thing as ""adventure horror""? - I don't know if there's an official term to define it or if it's simply an informal label, but it's a type of mix that I find very recognizable and that is one of my favorites: stories that combine the structure of adventure (journey, exploration, discovery) with terror.  I believe that one of the clearest predecessors of this type of story could be H. G. Wells' The Island of Dr. Moreau (1896).  Many horror stories about exploration or scientific discovery in unknown territories also fit the bill.  On one hand, we have stories centered on the journey (road trip, expedition, or travel). Here, the structure is clearly adventurous: a physical journey to an unknown place where something goes wrong:  The Wendigo (short story, 1910) Duel (1971) The Hitcher (1986) Near Dark (1987) From Dusk Till Dawn (1996) The Descent (2005)  Then we would have stories in remote or isolated places:  Alien (1979) The Thing (1982) The Blob (1988) Event Horizon (1997) Trollhunter (2010)  And also classic adventures with elements of horror or threat:  Jaws (1975) Tremors (1990) The Mummy (1932) The Call of Cthulhu (short story, 1928)  Do you know of any other films, novels, or stories in this style?",,
"The Ruins (2008) - ​  What's your thoughts on this movie (The ruins) from 2008? I enjoyed it when it got going. It was  a bit slow at the beginning for me. It had a great  concept of trapped survival and killer vines, and most of  the horror was during the daylight as opposed to other  horrors that rely on dark or dim lighting to create  atmosphere. Overall, it had a bleak atmosphere and  good tension, which I thought was great.",,
"‘Evil Dead Burn’ Was Forced to Trim a Brutal Scene to Avoid NC-17, Director Sébastien Vaniček says the original version pushed things too far for an R-rated release. -",,
"Art the clown, another example of a horror icon being born out of a mediocre franchise - What are your thoughts on the Terrifier Series?  ​  To be honest, I started off onboard because I love the idea of bringing old school horror back with all of the gore intact. Before the mpaa started butchering everything! So glad we're past that part in history.  ​  Anyways, I recently rewatched all three, and I have to say, I just did not receive them the right way this time. I think it goes a little too far too many times as far as the ick-factor. I don't mind hovering on gore for a few extra seconds to make you squirm, but sometimes it just goes on way too long. And there's other stuff thrown in just to make it gross for no reason. But there are scenes they nail! Those are what made the biggest impact on me on my first viewings, when I had a higher opinion of them. But other moments just no.  Art is one of my favorite horror icons of all time now however. The acting is just perfect. I love how over the top it is, and it's dark sense of humor. I always get a few laugh out loud moments from our Art.  ​  To be honest, In a Violent Nature I was really enjoying the gore effects, and I think it was the right balance vs the Terrifier Series. The gore is perfect in my opinion. Especially for such a small budget. I have my issues with that movie, too. It's far from perfect, but I do think they nail those scenes overall.  ​  Anyways, what are your guys' thoughts on Terrifier? And Art the clown in general? I see him on Halloween. I see him in other people's cars in the passenger seat. He has definitely made an impact on society.  ​  Oh, and lastly... The story is a bit ridiculous now, too. They started doing stuff in the second one that is bizarre. And it does not get better in the third.",,
"Horror movies with the lead actor delivering performances of their ""career"" - After watching Hereditary, Possession, Ob*session, Silence of the Lambs, Misery and Psycho I have become really interested in phenomenal acting from actors in Horror movies. I feel like it's so much more special than in regular movies.  It feels like it takes so much more talent to deliver exceptional acting in horror movies than in regular movies because it feels like it lands on the main leads to anchor the movie.  I guess supporting goes aswell but much prefferred if it's the main lead. Like Amy Madigan's performance while great It felt like she didn't have that much screentime as I would wish a supporting actor should have.  I might have missed one or two movies but nevertheless please recommend me movies you find the lead doing an career defining acting.",,
Sinister alternative ending- What if Ellison + fam survived - Currently rewatching sinister for the millionth time and a thought popped up in my head- what if Ellison and his family stayed at the house and he was able to publish the Bughuul book? Would it have been successful as he thought? Just a conversation I’d like to start 😅,,
"Would Iron Lung Have Done as Well as It Did if Markiplier Wasn't Involved? - Now I do know I am late to this movie but I had some time today to rent it on YouTube to finally see it. Now I'm not a Markiplier watcher but I have seen his videos and understand his popularity and fanbase.  ​  But today I was talking with a fellow horror watcher and they claimed ""no one could have pulled it off like Markiplier"" which got me thinking...  ​  Could any other director have done better with this movie? Would it have been better if Markiplier was just the director and not the main actor and vice versa?  ​  I really loved the Iron Lung game and before I knew about Markiplier taking it into his hand to create I imagined the movie being made via some sort of one off director from A24 or something.  ​  Overall I enjoyed it but I do believe the movie could have been better in different parts. So I come asking you folks on how you would have gone with the director or cast as well as the plot/story because honestly I feel we got something good but also feel like we missed out on something if that makes sense.",,
"Gideon Adlon, Luna Blaise, Simon Rex & Jay Hernandez Set For Horror-Comedy ‘Youth Juice’ From ‘KPop Demon Hunters’ Scribes, Director Veronica Rodriguez & Live Nation Studios -",,
"Looking for Grace/ The Girl vibes - After playing resident evil requiem I've been craving more of this vibe, are there any movies you'd suggest that give you that terror feel like Grace experiences? The closest I can think of is A Quiet Place",,
"Movie of the day...THE CABINET OF DR. CALIGARI (1920) - Movie of the day...The Cabinet of Dr. Caligari (1920).  Silent movies aren’t for everyone, but this is considered one of the formative works of horror cinema, and it’s worth checking out.  A student believes the mysterious Doctor Caligari is using a somnambulist to commit horrible crimes. He investigates, navigating a nightmarish landscape, and finally confronting Caligari, who turns out to be in charge of a lunatic asylum. But is everything as it seems?  The movie is probably most famous for its fabulous expressionistic sets, with its crooked, tilted buildings, meandering streets, weirdly-shaped doorways, and dreamlike backdrops. The conclusion of the film reveals why this is so important.  Perhaps because there is no spoken dialogue, it’s important to find a version of the movie with a good soundtrack. The one I watched relied on a short musical phrase repeated over and over like a march (the technical term is an ostinato, according to my Google searches) and it greatly added to the growing sense of dread evoked by the film.  Rating: B  https://en.wikipedia.org/wiki/The_Cabinet_of_Dr._Caligari",,
"Weekend Triple Header: Find Your Friends, Scream 7, and They Will Kill You. No spoilers. - My wife and I dedicated much of the weekend to watching movies, including these three:  First, Find Your Friends. I think I recall the little blurb on Shudder saying something about cannibals. I kept expecting to see some cannibalism. Alas, there was none to be had.  The movie itself felt like an odd hodgepodge of elements, which can be excellent. In this case, the first act was an appropriately uncomfortable setup for some solid horror, but it never delivered.  As the movie wore on, horror elements were introduced without much cohesion and the characters/story didn’t seem all that compelling.  Some ruthless editing of the script could have turned out a focused, accessible horror flick, but it consistently fell flat.  Second, Scream 7. I think lots of people weren’t aware that Neve Campbell is a pretty talented actor. Joel McHale is always good, but sorely underutilized here. It was nice seeing Courteney Cox get a good amount of time on screen.  The killer gimmick was so fucking stupid. We get it—don’t believe what you’re seeing, but there have got to be about a million more intelligent ways to go about this.  All in all, not a bad installation for a decent franchise, but the story didn’t do the cast any justice.  They Will Kill You—The entire cast looked pretty amused throughout. As they should have been. The violence was well-paced, well-choreographed, and so bloody.  When the hyper-violence slowed down, story elements unfolded pretty decently. The first (second, maybe) big twist served the story. The final big twist felt really focus-grouped. Good watch, though.",,
"Ok lets end this once and for all, who's the better Pennywise Actor? - https://strawpoll.com/e6Z2AERGJgN  Da Wise  I'm gonna rip the bandaid off here, i am a pennywise FANBOY. I love him and he is my favorite character in fiction, so ive been curious on who has been considered the best actor. For Me: Its bill 100% even though i can 100% respect tim curry.",,
"(SPOIL) What do you think of « All The Boys love Mandy Lane » ? - While the actors aren't the greatest, and it is a bit stereotypical in its depictions of teenagers, I think it is worth watching.  Anyone else think it was a good movie?  (SPOIL)  The only thing i have never understand is the reason of why Mandy went on with the murders ? and i don’t think the movie ever explained anything.",,
"I've posted about this film before on Reddit, but Body Snatchers (1993) deserves more attention. - Great scares, decent camera work, a grim, bleak tone. It may not be on the level of the original or the 1978 classic, but I still enjoy it. Nice to see that there are a lot of awesome sci-fi horror remakes out there.",,
What do you think keeps films like The Silence of the Lambs from being considered a true horror film? -,,
"Human Centipede 1~2~3 - If you’re like my wife and I and thinking of watching the Human Centipede trilogy 17 years after the 1st movies release, here’s our take on them:  HC1 (7/10): The move starts out with some mediocre acting but we won’t judge anything based off of that, especially for a low budget film. Luckily it doesn’t take too long to get into the psychological horror of being drugged and held against your will while the beautifully played crazy German doctor famous for doing conjoined twin separation surgeries explains how he’s going to sew you together ass to mouth. The movie does a good job of portraying how the idea is horrific without being just over the top gory and disgusting. Him yelling at them in the backyard like an animal adds to this. Anyone that likes horror or being made to feel uncomfortable will enjoy the route they took. The ending sequence is a bit cheesy with the cop shootout but all in all it holds up.  HC2 (3/10): The main character being an almost mute mentally challenged person who delivers creepiness by just staring blankly is the only thing good in this movie. The actor playing him gives me the heebie jeebies. We learn that Human Centipede was just a movie and this man is OBSSSED with it and wants to recreate it for himself. The theme is now Gore instead of psychological horror. The rest of the movie is just shock value for being shock value. All of the deaths feel shallow and unlike the first film everything feels rushed. The main character works at a parking garage and just shoots or hits people over the head and takes them to an abandoned building nearby to form his 12 person centipede. He finds his therapist while at work in the parking garage having sex with a prostitute and kills him, the whole interaction felt forced and low effort. Again shock value. Then when we finally get to the centipede action it’s almost nothing but just being gross for the sake of being gross. More happens but it’s forgettable.  HC3 (0/10): This movie just shouldn’t have been made. It’s not even shock value it’s just bad. The script must have been written in a weekend and 99% of the movie is just the warden of the prison screaming nonsensical profanity. I have never given a movie a 0/10 before but here we are. Its over an hour of them trying to build a plot of this prison warden being a racist pile of shit before we even get to any centipedeness and most of it is just CGI because it’s now 500 people long. There are briefs close ups of the actors but really the entire centipede only takes up a minute or two of runtime. Hands down I think the worst movie I’ve ever seen.  If you watch all 3 let me know what you think and if you agree or disagree with anything!",,
"With Horror having so many sub-genres (and sub-sub-genres), what do you think is the absolute staple of your favorite sub-genre? - My favoite sub (sub)-genre is summer camp slashers. I think as the staple film it has to be given to Friday the 13th, even though I personally think that Sleepaway Camp actually does a better job at capturing the summer camp slasher.  ​  Side note, I also love Surreal horror movies, and Possession feels like a 10/10 movie for me that absolutely no one talks about.",,
"Aliens are Scarier than Demons and Spirits - Lets face, even if you are atheist or Gnostic, as soon Satan is haunting you, is Back to the Church and you calling a priest...What can you even do if Aliens Atacking you?",,
The top 20 horror movies of the century according to me - A recent discussion about Obsesion (spelled wrong intentionally) got me wondering what my actual top 20 of the century are. So I've put a list together:  Paranormal Activity  Suspiria  Talk to Me  The House of the Devil  Dawn of the Dead  Bring Her Back  Pulse  High Tension  Under the Skin  Get Out  What We Do in the Shadows  Possessor  Nosferatu  Titane  The Substance  The Eyes of My Mother  The Witch  Obsesion  Hereditary  Mandy,,
"[Crosspost] Hola /r/movies! We're Arturo & Roy Ambriz, filmmakers of I AM FRANKELDA, Mexico's first-ever stop-motion feature film. It's a fantasy-horror out now on Netflix. We also created the HBO MAX series FRANKELDA's BOOK OF SPOOKS. Ask us anything! -",,
"Looking for a horror short story, approx 6+ years ago - My mom remembers a creepypasta, I'm guessing it was over 6 years ago because of another post looking for it (they had no luck either) basically the story goes a pregnant woman in a world where no one else could get pregnant for months or years, then somehow she gets trapped on an abandoned bus with some sort of creature surrounding the bus. She also remembers a little tidbit about her singing a song? possibly with ""seeds"" as part of the lyrics. We both have looked EVERYWHERE for this story. She's pretty confident it was on chilling tales for dark nights but I'm open to other suggestions.",,
"Do you consider Tucker and Dale vs. Evil to be a Canadian movie? - TADVE is a Canadian/American production. The director is American, but it’s shot in Canada and a good chunk of the actors are Canadian (including Dale himself, wearing a Canadian Give’er hat). I know that this is a BS question but I can’t decide where to put in on a list I’m making. Would you put it in the Canadian or American section?",,
"High Tension (2003) - I’ll admit, I liked this one. - I’m not usually a fan of horror movies that focus on torture or violence all the time, but this movie was a stressful “cat and mouse” film. I can see why some people don’t like it (along with a clever plot twist), but I surprisingly enjoyed it! It seems like some people enjoy it or didn’t, but what are your thoughts on “High Tension” (2003)? Cheers and happy Sunday!",,
"Ugggg Movies? - What movies were really loved and/or super anticipated that fell flat for you? I'll start (and for fun, I realize that some will course disagree... that's why I made this post) 😆 in no particular order:  ​  BARBARIAN - Started out great...only to end with some kind of mutant cave dweller?!?!?! Sheesh 😒 3/10 stars (what did it better: Hereditary - great mood from the music EEEEK! to the tension 10/10 stars)  ​  NOPE - I get what this movie was trying to do, I really do. But it was neither scary or interesting. It wasn't even funny in a goodway 2/10 stars (what did it better: Us 8/10 stars)  ​  LONGLEGS - just Nick Cage being Nick Cage 🙄 in a story that was messy and derivative 3/10 stars (what did it better: Weapons - a much more interesting villian with better jump scares 8/10 stars)  ​  Ok, now you go✌️",,
"Favourite final girl from a standalone horror movie? - Today it struck me that the majority of the most famous / well-loved final girls are from franchises (Sidney from Scream, Laurie from Hallowe’en, etc.)  Of course this makes sense because we have time to get to know them and we’re used to rooting for them. But who’s your fave from a standalone horror movie?",,
"I need the BEST horror movie rec you've got 🙏 - the title basically. I've been looking for some hardcore horror movies.  I have watched so many movies yet NOTHING suffices 😭 I'm sitting free for a month and a half and I want to watch as many as I can. Any genre within horror works but please I want proper horror cus im so tired of psychological horror, don't get me wrong I love those but they are usually super slow and only a handful turn out to be good.  ​  Few of my favs are :  - Gonjinam : haunted asylum  - Bring her back  - The descent  - Incantation  - hell house llc series",,
"Just watched bring her back - I'm gonna watch each and every movie Danny and Michael Philippou will ever create. I watched talk to me some time ago, and it was great. So when I heard they made another movie I also wanted to watch it.  ​  mild spoilers.  ​  Bring her back - the title basically spoils the premise of the movie, yet everything there was unveiling perfectly. The disturbing scenes were very disturbing. They weren't over the top, with intestines flying or so, they were slower, surprising, I don't wanna say real, but there was something closer, something you could feel. When the kid was so hungry he tried to eat a side of the table made me flinch. Or when he ate a fruit. Shivers.  ​  And the plot was so tragic. Filled with unresolved grief that pushed a mother too far. A mother that became a psychopath.  ​  Her whole character was so disturbing, two faced, ah god damn she was so evil yet so tragic.  ​  Please tell me if there are more movies like that.",,
"Mortuary (2005) - This movie was one of the first horror movies I saw as a kid and I rewatched this recently but I can't figure out why it had such low ratings and reviews everywhere. Sure, it's not too notch but it holds up, it's unsettling and the dinner scene is creepy af. And if I'm being honest it's better than most of the Conjuring movies I've seen, minus a big budget. Have y'all seen this? What are your thoughts?",,
‘Black Diamond’ Folk Horror Comic Series Getting Feature Adaptation from Ernest Dickerson for Fangoria Studios -,,
"Recommendations Please - Can you guys please recommend me some not very well known hardcore horror movies similar to A Serbian film, August underground, irreversible and funny games. Basically just recommendations for extreme cinema please as I have seen a lot of them and I’m looking for something I haven’t seen",,
